Your Score,Opponent Score, Total to Hold
0,0,21
0,1,21
0,2,21
0,3,21
0,4,21
0,5,21
0,6,21
0,7,21
0,8,21
0,9,21
0,10,22
0,11,22
0,12,22
0,13,22
0,14,22
0,15,22
0,16,23
0,17,23
0,18,23
0,19,23
0,20,23
0,21,23
0,22,23
0,23,23
0,24,23
0,25,23
0,26,24
0,27,24
0,28,24
0,29,24
0,30,24
0,31,25
0,32,25
0,33,25
0,34,25
0,35,25
0,36,26
0,37,26
0,38,26
0,39,26
0,40,26
0,41,26
0,42,26
0,43,26
0,44,26
0,45,26
0,46,26
0,47,26
0,48,27
0,49,28
0,50,29
0,51,30
0,52,30
0,53,29
0,54,28
0,55,28
0,56,29
0,57,29
0,58,30
0,59,31
0,60,32
0,61,32
0,62,32
0,63,32
0,64,32
0,65,37
0,66,39
0,67,39
0,68,39
0,69,39
0,70,40
0,71,38
0,72,36
0,73,34
0,74,30
0,75,28
0,76,30
0,77,48
0,78,49
0,79,49
0,80,49
0,81,49
0,82,49
0,83,49
0,84,100
0,85,100
0,86,100
0,87,100
0,88,100
0,89,100
0,90,100
0,91,100
0,92,100
0,93,100
0,94,100
0,95,100
0,96,100
0,97,100
0,98,100
0,99,100
1,0,21
1,1,21
1,2,21
1,3,21
1,4,21
1,5,21
1,6,21
1,7,21
1,8,21
1,9,21
1,10,21
1,11,22
1,12,22
1,13,22
1,14,22
1,15,22
1,16,22
1,17,23
1,18,23
1,19,23
1,20,23
1,21,23
1,22,23
1,23,23
1,24,23
1,25,23
1,26,23
1,27,24
1,28,24
1,29,24
1,30,24
1,31,24
1,32,25
1,33,25
1,34,25
1,35,25
1,36,25
1,37,26
1,38,26
1,39,26
1,40,26
1,41,26
1,42,26
1,43,26
1,44,26
1,45,26
1,46,26
1,47,27
1,48,28
1,49,29
1,50,29
1,51,30
1,52,29
1,53,28
1,54,28
1,55,28
1,56,28
1,57,29
1,58,30
1,59,31
1,60,32
1,61,32
1,62,32
1,63,33
1,64,35
1,65,37
1,66,38
1,67,39
1,68,39
1,69,39
1,70,39
1,71,38
1,72,35
1,73,33
1,74,29
1,75,28
1,76,29
1,77,48
1,78,49
1,79,49
1,80,49
1,81,49
1,82,49
1,83,49
1,84,99
1,85,99
1,86,99
1,87,99
1,88,99
1,89,99
1,90,99
1,91,99
1,92,99
1,93,99
1,94,99
1,95,99
1,96,99
1,97,99
1,98,99
1,99,99
2,0,21
2,1,21
2,2,21
2,3,21
2,4,21
2,5,21
2,6,21
2,7,21
2,8,21
2,9,21
2,10,21
2,11,21
2,12,22
2,13,22
2,14,22
2,15,22
2,16,22
2,17,22
2,18,23
2,19,23
2,20,23
2,21,23
2,22,23
2,23,23
2,24,23
2,25,23
2,26,23
2,27,24
2,28,24
2,29,24
2,30,24
2,31,24
2,32,24
2,33,25
2,34,25
2,35,25
2,36,25
2,37,25
2,38,25
2,39,25
2,40,25
2,41,25
2,42,25
2,43,25
2,44,25
2,45,26
2,46,26
2,47,27
2,48,28
2,49,29
2,50,29
2,51,29
2,52,29
2,53,28
2,54,27
2,55,28
2,56,28
2,57,29
2,58,31
2,59,32
2,60,32
2,61,32
2,62,32
2,63,34
2,64,35
2,65,37
2,66,38
2,67,38
2,68,38
2,69,39
2,70,38
2,71,37
2,72,35
2,73,32
2,74,29
2,75,28
2,76,29
2,77,48
2,78,48
2,79,48
2,80,48
2,81,48
2,82,48
2,83,48
2,84,98
2,85,98
2,86,98
2,87,98
2,88,98
2,89,98
2,90,98
2,91,98
2,92,98
2,93,98
2,94,98
2,95,98
2,96,98
2,97,98
2,98,98
2,99,98
3,0,21
3,1,21
3,2,21
3,3,21
3,4,21
3,5,21
3,6,21
3,7,21
3,8,21
3,9,21
3,10,21
3,11,21
3,12,22
3,13,22
3,14,22
3,15,22
3,16,22
3,17,22
3,18,22
3,19,22
3,20,22
3,21,23
3,22,23
3,23,23
3,24,23
3,25,23
3,26,23
3,27,24
3,28,24
3,29,24
3,30,24
3,31,24
3,32,24
3,33,24
3,34,25
3,35,25
3,36,25
3,37,25
3,38,25
3,39,25
3,40,25
3,41,25
3,42,25
3,43,25
3,44,25
3,45,26
3,46,27
3,47,27
3,48,28
3,49,29
3,50,29
3,51,29
3,52,28
3,53,27
3,54,27
3,55,28
3,56,28
3,57,29
3,58,31
3,59,32
3,60,32
3,61,32
3,62,32
3,63,34
3,64,36
3,65,37
3,66,38
3,67,38
3,68,38
3,69,38
3,70,38
3,71,36
3,72,34
3,73,31
3,74,28
3,75,28
3,76,29
3,77,47
3,78,48
3,79,48
3,80,48
3,81,48
3,82,48
3,83,48
3,84,97
3,85,97
3,86,97
3,87,97
3,88,97
3,89,97
3,90,97
3,91,97
3,92,97
3,93,97
3,94,97
3,95,97
3,96,97
3,97,97
3,98,97
3,99,97
4,0,20
4,1,21
4,2,21
4,3,21
4,4,21
4,5,21
4,6,21
4,7,21
4,8,21
4,9,21
4,10,21
4,11,21
4,12,22
4,13,22
4,14,22
4,15,22
4,16,22
4,17,22
4,18,22
4,19,22
4,20,22
4,21,22
4,22,23
4,23,23
4,24,23
4,25,23
4,26,23
4,27,23
4,28,24
4,29,24
4,30,24
4,31,24
4,32,24
4,33,24
4,34,25
4,35,25
4,36,25
4,37,25
4,38,25
4,39,25
4,40,25
4,41,25
4,42,25
4,43,25
4,44,26
4,45,26
4,46,27
4,47,28
4,48,28
4,49,29
4,50,29
4,51,28
4,52,28
4,53,27
4,54,27
4,55,28
4,56,29
4,57,30
4,58,31
4,59,32
4,60,32
4,61,32
4,62,32
4,63,34
4,64,35
4,65,37
4,66,37
4,67,37
4,68,38
4,69,38
4,70,37
4,71,35
4,72,33
4,73,30
4,74,27
4,75,28
4,76,29
4,77,47
4,78,47
4,79,47
4,80,47
4,81,47
4,82,47
4,83,47
4,84,96
4,85,96
4,86,96
4,87,96
4,88,96
4,89,96
4,90,96
4,91,96
4,92,96
4,93,96
4,94,96
4,95,96
4,96,96
4,97,96
4,98,96
4,99,96
5,0,20
5,1,20
5,2,20
5,3,20
5,4,20
5,5,21
5,6,21
5,7,21
5,8,21
5,9,21
5,10,21
5,11,21
5,12,22
5,13,22
5,14,22
5,15,22
5,16,22
5,17,22
5,18,22
5,19,22
5,20,22
5,21,22
5,22,23
5,23,23
5,24,23
5,25,23
5,26,23
5,27,23
5,28,24
5,29,24
5,30,24
5,31,24
5,32,24
5,33,24
5,34,24
5,35,25
5,36,25
5,37,25
5,38,25
5,39,25
5,40,25
5,41,25
5,42,25
5,43,25
5,44,26
5,45,26
5,46,27
5,47,28
5,48,28
5,49,28
5,50,28
5,51,28
5,52,27
5,53,26
5,54,27
5,55,28
5,56,29
5,57,31
5,58,31
5,59,31
5,60,31
5,61,32
5,62,33
5,63,34
5,64,36
5,65,37
5,66,37
5,67,37
5,68,37
5,69,37
5,70,36
5,71,35
5,72,32
5,73,29
5,74,26
5,75,27
5,76,30
5,77,46
5,78,47
5,79,47
5,80,47
5,81,47
5,82,47
5,83,47
5,84,95
5,85,95
5,86,95
5,87,95
5,88,95
5,89,95
5,90,95
5,91,95
5,92,95
5,93,95
5,94,95
5,95,95
5,96,95
5,97,95
5,98,95
5,99,95
6,0,20
6,1,20
6,2,20
6,3,20
6,4,20
6,5,20
6,6,21
6,7,21
6,8,21
6,9,21
6,10,21
6,11,22
6,12,22
6,13,22
6,14,22
6,15,22
6,16,22
6,17,22
6,18,22
6,19,22
6,20,22
6,21,22
6,22,22
6,23,23
6,24,23
6,25,23
6,26,23
6,27,23
6,28,24
6,29,24
6,30,24
6,31,24
6,32,24
6,33,24
6,34,24
6,35,24
6,36,25
6,37,25
6,38,25
6,39,25
6,40,25
6,41,25
6,42,25
6,43,26
6,44,26
6,45,27
6,46,27
6,47,28
6,48,28
6,49,28
6,50,28
6,51,27
6,52,27
6,53,26
6,54,27
6,55,28
6,56,30
6,57,31
6,58,31
6,59,31
6,60,31
6,61,32
6,62,33
6,63,35
6,64,36
6,65,36
6,66,37
6,67,37
6,68,37
6,69,37
6,70,36
6,71,34
6,72,31
6,73,29
6,74,26
6,75,27
6,76,45
6,77,46
6,78,46
6,79,46
6,80,46
6,81,46
6,82,46
6,83,46
6,84,94
6,85,94
6,86,94
6,87,94
6,88,94
6,89,94
6,90,94
6,91,94
6,92,94
6,93,94
6,94,94
6,95,94
6,96,94
6,97,94
6,98,94
6,99,94
7,0,20
7,1,20
7,2,20
7,3,20
7,4,20
7,5,20
7,6,20
7,7,21
7,8,21
7,9,21
7,10,21
7,11,21
7,12,22
7,13,22
7,14,22
7,15,22
7,16,22
7,17,22
7,18,22
7,19,22
7,20,22
7,21,22
7,22,22
7,23,23
7,24,23
7,25,23
7,26,23
7,27,23
7,28,23
7,29,24
7,30,24
7,31,24
7,32,24
7,33,24
7,34,24
7,35,24
7,36,24
7,37,25
7,38,25
7,39,25
7,40,25
7,41,25
7,42,25
7,43,26
7,44,26
7,45,27
7,46,27
7,47,27
7,48,28
7,49,28
7,50,27
7,51,27
7,52,26
7,53,26
7,54,27
7,55,29
7,56,30
7,57,30
7,58,31
7,59,31
7,60,31
7,61,32
7,62,33
7,63,35
7,64,36
7,65,36
7,66,36
7,67,36
7,68,36
7,69,36
7,70,35
7,71,33
7,72,31
7,73,28
7,74,26
7,75,27
7,76,45
7,77,45
7,78,46
7,79,46
7,80,46
7,81,46
7,82,46
7,83,46
7,84,93
7,85,93
7,86,93
7,87,93
7,88,93
7,89,93
7,90,93
7,91,93
7,92,93
7,93,93
7,94,93
7,95,93
7,96,93
7,97,93
7,98,93
7,99,93
8,0,20
8,1,20
8,2,20
8,3,20
8,4,20
8,5,20
8,6,20
8,7,21
8,8,21
8,9,21
8,10,21
8,11,21
8,12,21
8,13,21
8,14,21
8,15,21
8,16,22
8,17,22
8,18,22
8,19,22
8,20,22
8,21,22
8,22,22
8,23,23
8,24,23
8,25,23
8,26,23
8,27,23
8,28,23
8,29,23
8,30,23
8,31,23
8,32,24
8,33,24
8,34,24
8,35,24
8,36,24
8,37,24
8,38,25
8,39,25
8,40,25
8,41,25
8,42,26
8,43,26
8,44,26
8,45,27
8,46,27
8,47,27
8,48,27
8,49,27
8,50,27
8,51,26
8,52,26
8,53,26
8,54,28
8,55,30
8,56,30
8,57,30
8,58,30
8,59,31
8,60,31
8,61,32
8,62,33
8,63,35
8,64,35
8,65,36
8,66,36
8,67,36
8,68,36
8,69,36
8,70,34
8,71,32
8,72,30
8,73,27
8,74,26
8,75,27
8,76,44
8,77,45
8,78,45
8,79,45
8,80,45
8,81,45
8,82,45
8,83,45
8,84,92
8,85,92
8,86,92
8,87,92
8,88,92
8,89,92
8,90,92
8,91,92
8,92,92
8,93,92
8,94,92
8,95,92
8,96,92
8,97,92
8,98,92
8,99,92
9,0,20
9,1,20
9,2,20
9,3,20
9,4,20
9,5,20
9,6,21
9,7,21
9,8,21
9,9,21
9,10,21
9,11,21
9,12,21
9,13,21
9,14,21
9,15,21
9,16,21
9,17,22
9,18,22
9,19,22
9,20,22
9,21,22
9,22,22
9,23,23
9,24,23
9,25,23
9,26,23
9,27,23
9,28,23
9,29,23
9,30,23
9,31,23
9,32,24
9,33,24
9,34,24
9,35,24
9,36,24
9,37,24
9,38,25
9,39,25
9,40,25
9,41,25
9,42,26
9,43,26
9,44,26
9,45,27
9,46,27
9,47,27
9,48,27
9,49,27
9,50,26
9,51,26
9,52,25
9,53,27
9,54,29
9,55,30
9,56,30
9,57,30
9,58,30
9,59,30
9,60,31
9,61,32
9,62,33
9,63,35
9,64,35
9,65,35
9,66,35
9,67,36
9,68,36
9,69,35
9,70,33
9,71,31
9,72,29
9,73,26
9,74,26
9,75,27
9,76,44
9,77,45
9,78,45
9,79,45
9,80,45
9,81,45
9,82,45
9,83,91
9,84,91
9,85,91
9,86,91
9,87,91
9,88,91
9,89,91
9,90,91
9,91,91
9,92,91
9,93,91
9,94,91
9,95,91
9,96,91
9,97,91
9,98,91
9,99,91
10,0,20
10,1,20
10,2,20
10,3,20
10,4,20
10,5,20
10,6,21
10,7,21
10,8,21
10,9,21
10,10,21
10,11,21
10,12,21
10,13,21
10,14,21
10,15,21
10,16,21
10,17,22
10,18,22
10,19,22
10,20,22
10,21,22
10,22,22
10,23,22
10,24,23
10,25,23
10,26,23
10,27,23
10,28,23
10,29,23
10,30,23
10,31,23
10,32,23
10,33,24
10,34,24
10,35,24
10,36,24
10,37,25
10,38,25
10,39,25
10,40,25
10,41,25
10,42,26
10,43,26
10,44,26
10,45,26
10,46,27
10,47,27
10,48,27
10,49,26
10,50,26
10,51,25
10,52,25
10,53,28
10,54,29
10,55,29
10,56,29
10,57,30
10,58,30
10,59,30
10,60,31
10,61,32
10,62,34
10,63,35
10,64,35
10,65,35
10,66,35
10,67,35
10,68,35
10,69,34
10,70,33
10,71,31
10,72,28
10,73,25
10,74,25
10,75,43
10,76,43
10,77,44
10,78,44
10,79,44
10,80,44
10,81,44
10,82,44
10,83,90
10,84,90
10,85,90
10,86,90
10,87,90
10,88,90
10,89,90
10,90,90
10,91,90
10,92,90
10,93,90
10,94,90
10,95,90
10,96,90
10,97,90
10,98,90
10,99,90
11,0,20
11,1,20
11,2,20
11,3,20
11,4,20
11,5,21
11,6,21
11,7,21
11,8,21
11,9,21
11,10,21
11,11,21
11,12,21
11,13,21
11,14,21
11,15,21
11,16,21
11,17,22
11,18,22
11,19,22
11,20,22
11,21,22
11,22,22
11,23,22
11,24,23
11,25,23
11,26,23
11,27,23
11,28,23
11,29,23
11,30,23
11,31,23
11,32,23
11,33,24
11,34,24
11,35,24
11,36,24
11,37,25
11,38,25
11,39,25
11,40,25
11,41,25
11,42,26
11,43,26
11,44,26
11,45,26
11,46,26
11,47,26
11,48,26
11,49,26
11,50,25
11,51,25
11,52,26
11,53,29
11,54,29
11,55,29
11,56,29
11,57,29
11,58,30
11,59,30
11,60,31
11,61,33
11,62,34
11,63,34
11,64,34
11,65,34
11,66,35
11,67,35
11,68,35
11,69,33
11,70,32
11,71,30
11,72,27
11,73,25
11,74,25
11,75,42
11,76,43
11,77,44
11,78,44
11,79,44
11,80,44
11,81,44
11,82,44
11,83,89
11,84,89
11,85,89
11,86,89
11,87,89
11,88,89
11,89,89
11,90,89
11,91,89
11,92,89
11,93,89
11,94,89
11,95,89
11,96,89
11,97,89
11,98,89
11,99,89
12,0,20
12,1,20
12,2,20
12,3,20
12,4,20
12,5,21
12,6,21
12,7,21
12,8,21
12,9,21
12,10,21
12,11,21
12,12,21
12,13,21
12,14,21
12,15,21
12,16,21
12,17,22
12,18,22
12,19,22
12,20,22
12,21,22
12,22,22
12,23,22
12,24,22
12,25,22
12,26,22
12,27,22
12,28,22
12,29,23
12,30,23
12,31,23
12,32,24
12,33,24
12,34,24
12,35,24
12,36,24
12,37,24
12,38,24
12,39,25
12,40,25
12,41,25
12,42,25
12,43,26
12,44,26
12,45,26
12,46,26
12,47,26
12,48,26
12,49,25
12,50,25
12,51,25
12,52,28
12,53,28
12,54,29
12,55,29
12,56,29
12,57,29
12,58,30
12,59,30
12,60,31
12,61,33
12,62,34
12,63,34
12,64,34
12,65,34
12,66,34
12,67,34
12,68,34
12,69,33
12,70,31
12,71,29
12,72,27
12,73,24
12,74,25
12,75,42
12,76,42
12,77,43
12,78,43
12,79,43
12,80,43
12,81,43
12,82,43
12,83,88
12,84,88
12,85,88
12,86,88
12,87,88
12,88,88
12,89,88
12,90,88
12,91,88
12,92,88
12,93,88
12,94,88
12,95,88
12,96,88
12,97,88
12,98,88
12,99,88
13,0,20
13,1,20
13,2,20
13,3,20
13,4,20
13,5,20
13,6,20
13,7,21
13,8,21
13,9,21
13,10,21
13,11,21
13,12,21
13,13,21
13,14,21
13,15,21
13,16,21
13,17,21
13,18,22
13,19,22
13,20,22
13,21,22
13,22,22
13,23,22
13,24,22
13,25,22
13,26,22
13,27,22
13,28,22
13,29,23
13,30,23
13,31,23
13,32,24
13,33,24
13,34,24
13,35,24
13,36,24
13,37,24
13,38,24
13,39,25
13,40,25
13,41,25
13,42,25
13,43,25
13,44,26
13,45,26
13,46,26
13,47,26
13,48,25
13,49,25
13,50,24
13,51,26
13,52,28
13,53,28
13,54,28
13,55,29
13,56,29
13,57,29
13,58,29
13,59,30
13,60,32
13,61,33
13,62,33
13,63,33
13,64,34
13,65,34
13,66,34
13,67,34
13,68,33
13,69,32
13,70,30
13,71,28
13,72,26
13,73,24
13,74,25
13,75,41
13,76,42
13,77,43
13,78,43
13,79,43
13,80,43
13,81,43
13,82,43
13,83,87
13,84,87
13,85,87
13,86,87
13,87,87
13,88,87
13,89,87
13,90,87
13,91,87
13,92,87
13,93,87
13,94,87
13,95,87
13,96,87
13,97,87
13,98,87
13,99,87
14,0,20
14,1,20
14,2,20
14,3,20
14,4,20
14,5,20
14,6,20
14,7,20
14,8,21
14,9,21
14,10,21
14,11,21
14,12,21
14,13,21
14,14,21
14,15,21
14,16,21
14,17,21
14,18,22
14,19,22
14,20,22
14,21,22
14,22,22
14,23,22
14,24,22
14,25,22
14,26,22
14,27,22
14,28,22
14,29,23
14,30,23
14,31,23
14,32,24
14,33,24
14,34,24
14,35,24
14,36,24
14,37,24
14,38,24
14,39,24
14,40,25
14,41,25
14,42,25
14,43,25
14,44,25
14,45,26
14,46,26
14,47,25
14,48,25
14,49,24
14,50,25
14,51,27
14,52,28
14,53,28
14,54,28
14,55,28
14,56,29
14,57,29
14,58,30
14,59,31
14,60,32
14,61,33
14,62,33
14,63,33
14,64,33
14,65,33
14,66,34
14,67,33
14,68,33
14,69,31
14,70,29
14,71,27
14,72,25
14,73,24
14,74,40
14,75,41
14,76,42
14,77,42
14,78,42
14,79,42
14,80,42
14,81,42
14,82,42
14,83,86
14,84,86
14,85,86
14,86,86
14,87,86
14,88,86
14,89,86
14,90,86
14,91,86
14,92,86
14,93,86
14,94,86
14,95,86
14,96,86
14,97,86
14,98,86
14,99,86
15,0,20
15,1,20
15,2,20
15,3,20
15,4,20
15,5,20
15,6,20
15,7,20
15,8,20
15,9,21
15,10,21
15,11,21
15,12,21
15,13,21
15,14,21
15,15,21
15,16,21
15,17,21
15,18,21
15,19,21
15,20,22
15,21,22
15,22,22
15,23,22
15,24,22
15,25,22
15,26,22
15,27,22
15,28,22
15,29,23
15,30,23
15,31,23
15,32,24
15,33,24
15,34,24
15,35,24
15,36,24
15,37,24
15,38,24
15,39,24
15,40,24
15,41,25
15,42,25
15,43,25
15,44,25
15,45,25
15,46,25
15,47,25
15,48,25
15,49,24
15,50,27
15,51,27
15,52,27
15,53,28
15,54,28
15,55,28
15,56,28
15,57,29
15,58,30
15,59,31
15,60,32
15,61,32
15,62,33
15,63,33
15,64,33
15,65,33
15,66,33
15,67,33
15,68,32
15,69,30
15,70,29
15,71,27
15,72,24
15,73,24
15,74,40
15,75,40
15,76,41
15,77,42
15,78,42
15,79,42
15,80,42
15,81,42
15,82,42
15,83,85
15,84,85
15,85,85
15,86,85
15,87,85
15,88,85
15,89,85
15,90,85
15,91,85
15,92,85
15,93,85
15,94,85
15,95,85
15,96,85
15,97,85
15,98,85
15,99,85
16,0,20
16,1,20
16,2,20
16,3,20
16,4,20
16,5,20
16,6,20
16,7,20
16,8,20
16,9,20
16,10,21
16,11,21
16,12,21
16,13,21
16,14,21
16,15,21
16,16,21
16,17,21
16,18,21
16,19,21
16,20,21
16,21,21
16,22,21
16,23,21
16,24,21
16,25,22
16,26,22
16,27,22
16,28,22
16,29,23
16,30,23
16,31,23
16,32,23
16,33,23
16,34,23
16,35,23
16,36,24
16,37,24
16,38,24
16,39,24
16,40,24
16,41,24
16,42,25
16,43,25
16,44,25
16,45,25
16,46,25
16,47,25
16,48,24
16,49,26
16,50,27
16,51,27
16,52,27
16,53,27
16,54,28
16,55,28
16,56,28
16,57,29
16,58,30
16,59,31
16,60,32
16,61,32
16,62,32
16,63,32
16,64,32
16,65,33
16,66,33
16,67,32
16,68,31
16,69,30
16,70,28
16,71,26
16,72,23
16,73,23
16,74,39
16,75,40
16,76,41
16,77,41
16,78,41
16,79,41
16,80,41
16,81,41
16,82,41
16,83,84
16,84,84
16,85,84
16,86,84
16,87,84
16,88,84
16,89,84
16,90,84
16,91,84
16,92,84
16,93,84
16,94,84
16,95,84
16,96,84
16,97,84
16,98,84
16,99,84
17,0,20
17,1,20
17,2,20
17,3,20
17,4,20
17,5,20
17,6,20
17,7,20
17,8,20
17,9,20
17,10,20
17,11,21
17,12,21
17,13,21
17,14,21
17,15,21
17,16,21
17,17,21
17,18,21
17,19,21
17,20,21
17,21,21
17,22,21
17,23,21
17,24,21
17,25,21
17,26,22
17,27,22
17,28,23
17,29,23
17,30,23
17,31,23
17,32,23
17,33,23
17,34,23
17,35,23
17,36,23
17,37,23
17,38,24
17,39,24
17,40,24
17,41,24
17,42,24
17,43,25
17,44,25
17,45,25
17,46,25
17,47,24
17,48,24
17,49,26
17,50,26
17,51,27
17,52,27
17,53,27
17,54,28
17,55,28
17,56,28
17,57,29
17,58,30
17,59,31
17,60,32
17,61,32
17,62,32
17,63,32
17,64,32
17,65,32
17,66,32
17,67,31
17,68,30
17,69,29
17,70,27
17,71,25
17,72,23
17,73,24
17,74,39
17,75,40
17,76,40
17,77,41
17,78,41
17,79,41
17,80,41
17,81,41
17,82,41
17,83,83
17,84,83
17,85,83
17,86,83
17,87,83
17,88,83
17,89,83
17,90,83
17,91,83
17,92,83
17,93,83
17,94,83
17,95,83
17,96,83
17,97,83
17,98,83
17,99,83
18,0,19
18,1,20
18,2,20
18,3,20
18,4,20
18,5,20
18,6,20
18,7,20
18,8,20
18,9,20
18,10,20
18,11,20
18,12,20
18,13,20
18,14,21
18,15,21
18,16,21
18,17,21
18,18,21
18,19,21
18,20,21
18,21,21
18,22,21
18,23,21
18,24,21
18,25,22
18,26,22
18,27,22
18,28,23
18,29,23
18,30,23
18,31,23
18,32,23
18,33,23
18,34,23
18,35,23
18,36,23
18,37,23
18,38,23
18,39,24
18,40,24
18,41,24
18,42,24
18,43,25
18,44,25
18,45,25
18,46,24
18,47,24
18,48,25
18,49,26
18,50,26
18,51,27
18,52,27
18,53,27
18,54,27
18,55,28
18,56,29
18,57,29
18,58,31
18,59,31
18,60,31
18,61,31
18,62,31
18,63,32
18,64,32
18,65,32
18,66,32
18,67,31
18,68,30
18,69,28
18,70,26
18,71,24
18,72,22
18,73,38
18,74,39
18,75,39
18,76,40
18,77,40
18,78,40
18,79,40
18,80,40
18,81,40
18,82,42
18,83,82
18,84,82
18,85,82
18,86,82
18,87,82
18,88,82
18,89,82
18,90,82
18,91,82
18,92,82
18,93,82
18,94,82
18,95,82
18,96,82
18,97,82
18,98,82
18,99,82
19,0,19
19,1,19
19,2,20
19,3,20
19,4,20
19,5,20
19,6,20
19,7,20
19,8,20
19,9,20
19,10,20
19,11,20
19,12,20
19,13,20
19,14,20
19,15,20
19,16,20
19,17,21
19,18,21
19,19,21
19,20,21
19,21,21
19,22,21
19,23,21
19,24,21
19,25,22
19,26,22
19,27,22
19,28,23
19,29,23
19,30,23
19,31,23
19,32,23
19,33,23
19,34,23
19,35,23
19,36,23
19,37,23
19,38,23
19,39,23
19,40,24
19,41,24
19,42,24
19,43,25
19,44,25
19,45,24
19,46,24
19,47,25
19,48,25
19,49,26
19,50,26
19,51,26
19,52,27
19,53,27
19,54,27
19,55,28
19,56,28
19,57,30
19,58,30
19,59,31
19,60,31
19,61,31
19,62,31
19,63,31
19,64,31
19,65,32
19,66,31
19,67,30
19,68,29
19,69,27
19,70,25
19,71,23
19,72,22
19,73,37
19,74,38
19,75,39
19,76,40
19,77,40
19,78,40
19,79,40
19,80,40
19,81,40
19,82,81
19,83,81
19,84,81
19,85,81
19,86,81
19,87,81
19,88,81
19,89,81
19,90,81
19,91,81
19,92,81
19,93,81
19,94,81
19,95,81
19,96,81
19,97,81
19,98,81
19,99,81
20,0,19
20,1,19
20,2,19
20,3,20
20,4,20
20,5,20
20,6,20
20,7,20
20,8,20
20,9,20
20,10,20
20,11,20
20,12,20
20,13,20
20,14,20
20,15,20
20,16,20
20,17,20
20,18,20
20,19,21
20,20,21
20,21,21
20,22,21
20,23,21
20,24,22
20,25,22
20,26,22
20,27,22
20,28,22
20,29,22
20,30,23
20,31,23
20,32,22
20,33,22
20,34,22
20,35,23
20,36,23
20,37,23
20,38,23
20,39,23
20,40,24
20,41,24
20,42,24
20,43,25
20,44,24
20,45,24
20,46,24
20,47,25
20,48,25
20,49,25
20,50,26
20,51,26
20,52,27
20,53,27
20,54,27
20,55,28
20,56,29
20,57,30
20,58,30
20,59,30
20,60,30
20,61,31
20,62,31
20,63,31
20,64,31
20,65,31
20,66,30
20,67,29
20,68,28
20,69,26
20,70,25
20,71,23
20,72,22
20,73,37
20,74,38
20,75,39
20,76,39
20,77,39
20,78,39
20,79,39
20,80,39
20,81,39
20,82,80
20,83,80
20,84,80
20,85,80
20,86,80
20,87,80
20,88,80
20,89,80
20,90,80
20,91,80
20,92,80
20,93,80
20,94,80
20,95,80
20,96,80
20,97,80
20,98,80
20,99,80
21,0,19
21,1,19
21,2,19
21,3,19
21,4,20
21,5,20
21,6,20
21,7,20
21,8,20
21,9,20
21,10,20
21,11,20
21,12,20
21,13,20
21,14,20
21,15,20
21,16,20
21,17,20
21,18,20
21,19,20
21,20,21
21,21,21
21,22,21
21,23,21
21,24,22
21,25,22
21,26,22
21,27,22
21,28,22
21,29,22
21,30,22
21,31,22
21,32,22
21,33,22
21,34,22
21,35,22
21,36,22
21,37,23
21,38,23
21,39,23
21,40,24
21,41,24
21,42,24
21,43,24
21,44,24
21,45,24
21,46,24
21,47,25
21,48,25
21,49,25
21,50,26
21,51,26
21,52,26
21,53,27
21,54,28
21,55,28
21,56,29
21,57,30
21,58,30
21,59,30
21,60,30
21,61,30
21,62,30
21,63,30
21,64,31
21,65,30
21,66,30
21,67,29
21,68,27
21,69,26
21,70,24
21,71,22
21,72,36
21,73,37
21,74,37
21,75,38
21,76,39
21,77,39
21,78,39
21,79,39
21,80,39
21,81,39
21,82,79
21,83,79
21,84,79
21,85,79
21,86,79
21,87,79
21,88,79
21,89,79
21,90,79
21,91,79
21,92,79
21,93,79
21,94,79
21,95,79
21,96,79
21,97,79
21,98,79
21,99,79
22,0,19
22,1,19
22,2,19
22,3,19
22,4,19
22,5,19
22,6,19
22,7,19
22,8,19
22,9,19
22,10,19
22,11,20
22,12,20
22,13,20
22,14,20
22,15,20
22,16,20
22,17,20
22,18,20
22,19,20
22,20,21
22,21,21
22,22,21
22,23,21
22,24,22
22,25,22
22,26,22
22,27,22
22,28,22
22,29,22
22,30,22
22,31,22
22,32,22
22,33,22
22,34,22
22,35,22
22,36,22
22,37,22
22,38,23
22,39,23
22,40,24
22,41,24
22,42,24
22,43,24
22,44,24
22,45,24
22,46,24
22,47,25
22,48,25
22,49,25
22,50,26
22,51,26
22,52,26
22,53,27
22,54,28
22,55,28
22,56,29
22,57,29
22,58,29
22,59,30
22,60,30
22,61,30
22,62,30
22,63,30
22,64,30
22,65,30
22,66,29
22,67,28
22,68,26
22,69,25
22,70,23
22,71,21
22,72,36
22,73,36
22,74,37
22,75,38
22,76,38
22,77,38
22,78,38
22,79,38
22,80,38
22,81,38
22,82,78
22,83,78
22,84,78
22,85,78
22,86,78
22,87,78
22,88,78
22,89,78
22,90,78
22,91,78
22,92,78
22,93,78
22,94,78
22,95,78
22,96,78
22,97,78
22,98,78
22,99,78
23,0,19
23,1,19
23,2,19
23,3,19
23,4,19
23,5,19
23,6,19
23,7,19
23,8,19
23,9,19
23,10,19
23,11,19
23,12,19
23,13,19
23,14,20
23,15,20
23,16,20
23,17,20
23,18,20
23,19,20
23,20,21
23,21,21
23,22,21
23,23,21
23,24,22
23,25,22
23,26,22
23,27,22
23,28,22
23,29,22
23,30,22
23,31,22
23,32,22
23,33,22
23,34,22
23,35,22
23,36,22
23,37,22
23,38,23
23,39,23
23,40,24
23,41,24
23,42,24
23,43,24
23,44,24
23,45,24
23,46,24
23,47,24
23,48,25
23,49,25
23,50,25
23,51,26
23,52,26
23,53,27
23,54,28
23,55,28
23,56,29
23,57,29
23,58,29
23,59,29
23,60,29
23,61,29
23,62,30
23,63,30
23,64,30
23,65,29
23,66,28
23,67,27
23,68,26
23,69,24
23,70,22
23,71,21
23,72,35
23,73,36
23,74,37
23,75,37
23,76,38
23,77,38
23,78,38
23,79,38
23,80,38
23,81,38
23,82,77
23,83,77
23,84,77
23,85,77
23,86,77
23,87,77
23,88,77
23,89,77
23,90,77
23,91,77
23,92,77
23,93,77
23,94,77
23,95,77
23,96,77
23,97,77
23,98,77
23,99,77
24,0,19
24,1,19
24,2,19
24,3,19
24,4,19
24,5,19
24,6,19
24,7,19
24,8,19
24,9,19
24,10,19
24,11,19
24,12,19
24,13,19
24,14,19
24,15,20
24,16,20
24,17,20
24,18,20
24,19,20
24,20,21
24,21,21
24,22,21
24,23,21
24,24,21
24,25,22
24,26,22
24,27,22
24,28,22
24,29,22
24,30,21
24,31,21
24,32,21
24,33,22
24,34,22
24,35,22
24,36,22
24,37,22
24,38,23
24,39,24
24,40,24
24,41,24
24,42,24
24,43,23
24,44,23
24,45,24
24,46,24
24,47,24
24,48,25
24,49,25
24,50,25
24,51,26
24,52,27
24,53,27
24,54,28
24,55,28
24,56,29
24,57,29
24,58,29
24,59,29
24,60,29
24,61,29
24,62,29
24,63,29
24,64,29
24,65,28
24,66,27
24,67,26
24,68,25
24,69,23
24,70,21
24,71,34
24,72,35
24,73,36
24,74,36
24,75,37
24,76,37
24,77,37
24,78,37
24,79,37
24,80,37
24,81,37
24,82,76
24,83,76
24,84,76
24,85,76
24,86,76
24,87,76
24,88,76
24,89,76
24,90,76
24,91,76
24,92,76
24,93,76
24,94,76
24,95,76
24,96,76
24,97,76
24,98,76
24,99,76
25,0,19
25,1,19
25,2,19
25,3,19
25,4,19
25,5,19
25,6,19
25,7,19
25,8,19
25,9,19
25,10,19
25,11,19
25,12,19
25,13,19
25,14,19
25,15,20
25,16,20
25,17,20
25,18,20
25,19,21
25,20,21
25,21,21
25,22,21
25,23,21
25,24,21
25,25,21
25,26,21
25,27,21
25,28,21
25,29,21
25,30,21
25,31,21
25,32,21
25,33,21
25,34,22
25,35,22
25,36,22
25,37,23
25,38,23
25,39,24
25,40,24
25,41,24
25,42,23
25,43,23
25,44,23
25,45,23
25,46,24
25,47,24
25,48,25
25,49,25
25,50,26
25,51,26
25,52,26
25,53,27
25,54,28
25,55,28
25,56,28
25,57,28
25,58,28
25,59,28
25,60,29
25,61,29
25,62,29
25,63,29
25,64,28
25,65,28
25,66,27
25,67,25
25,68,24
25,69,22
25,70,21
25,71,34
25,72,34
25,73,35
25,74,36
25,75,37
25,76,37
25,77,37
25,78,37
25,79,37
25,80,37
25,81,75
25,82,75
25,83,75
25,84,75
25,85,75
25,86,75
25,87,75
25,88,75
25,89,75
25,90,75
25,91,75
25,92,75
25,93,75
25,94,75
25,95,75
25,96,75
25,97,75
25,98,75
25,99,75
26,0,19
26,1,19
26,2,19
26,3,19
26,4,18
26,5,18
26,6,18
26,7,18
26,8,18
26,9,19
26,10,19
26,11,19
26,12,19
26,13,19
26,14,19
26,15,20
26,16,20
26,17,20
26,18,20
26,19,21
26,20,21
26,21,21
26,22,21
26,23,21
26,24,21
26,25,21
26,26,21
26,27,21
26,28,21
26,29,21
26,30,21
26,31,21
26,32,21
26,33,21
26,34,22
26,35,22
26,36,22
26,37,23
26,38,24
26,39,24
26,40,23
26,41,23
26,42,23
26,43,23
26,44,23
26,45,23
26,46,24
26,47,24
26,48,25
26,49,25
26,50,26
26,51,26
26,52,27
26,53,27
26,54,27
26,55,28
26,56,28
26,57,28
26,58,28
26,59,28
26,60,28
26,61,28
26,62,29
26,63,28
26,64,28
26,65,27
26,66,26
26,67,25
26,68,23
26,69,22
26,70,20
26,71,33
26,72,34
26,73,35
26,74,35
26,75,36
26,76,36
26,77,36
26,78,36
26,79,36
26,80,36
26,81,74
26,82,74
26,83,74
26,84,74
26,85,74
26,86,74
26,87,74
26,88,74
26,89,74
26,90,74
26,91,74
26,92,74
26,93,74
26,94,74
26,95,74
26,96,74
26,97,74
26,98,74
26,99,74
27,0,18
27,1,18
27,2,18
27,3,18
27,4,18
27,5,18
27,6,18
27,7,18
27,8,18
27,9,18
27,10,19
27,11,19
27,12,19
27,13,19
27,14,20
27,15,20
27,16,20
27,17,20
27,18,20
27,19,20
27,20,21
27,21,21
27,22,21
27,23,21
27,24,21
27,25,21
27,26,21
27,27,21
27,28,21
27,29,21
27,30,21
27,31,21
27,32,21
27,33,21
27,34,22
27,35,22
27,36,23
27,37,23
27,38,23
27,39,23
27,40,23
27,41,23
27,42,22
27,43,23
27,44,23
27,45,23
27,46,24
27,47,24
27,48,25
27,49,25
27,50,26
27,51,26
27,52,27
27,53,27
27,54,27
27,55,27
27,56,27
27,57,28
27,58,28
27,59,28
27,60,28
27,61,28
27,62,28
27,63,28
27,64,27
27,65,26
27,66,25
27,67,24
27,68,22
27,69,21
27,70,33
27,71,33
27,72,34
27,73,34
27,74,35
27,75,36
27,76,36
27,77,36
27,78,36
27,79,36
27,80,36
27,81,73
27,82,73
27,83,73
27,84,73
27,85,73
27,86,73
27,87,73
27,88,73
27,89,73
27,90,73
27,91,73
27,92,73
27,93,73
27,94,73
27,95,73
27,96,73
27,97,73
27,98,73
27,99,73
28,0,18
28,1,18
28,2,18
28,3,18
28,4,18
28,5,18
28,6,18
28,7,18
28,8,18
28,9,18
28,10,19
28,11,19
28,12,19
28,13,20
28,14,20
28,15,20
28,16,20
28,17,20
28,18,20
28,19,20
28,20,21
28,21,21
28,22,21
28,23,21
28,24,21
28,25,21
28,26,21
28,27,20
28,28,20
28,29,20
28,30,21
28,31,21
28,32,21
28,33,21
28,34,22
28,35,23
28,36,23
28,37,23
28,38,23
28,39,23
28,40,23
28,41,22
28,42,22
28,43,22
28,44,23
28,45,23
28,46,24
28,47,24
28,48,25
28,49,25
28,50,26
28,51,26
28,52,26
28,53,27
28,54,27
28,55,27
28,56,27
28,57,27
28,58,27
28,59,27
28,60,28
28,61,28
28,62,28
28,63,27
28,64,26
28,65,25
28,66,24
28,67,23
28,68,22
28,69,20
28,70,32
28,71,33
28,72,33
28,73,34
28,74,35
28,75,35
28,76,35
28,77,35
28,78,35
28,79,35
28,80,35
28,81,72
28,82,72
28,83,72
28,84,72
28,85,72
28,86,72
28,87,72
28,88,72
28,89,72
28,90,72
28,91,72
28,92,72
28,93,72
28,94,72
28,95,72
28,96,72
28,97,72
28,98,72
28,99,72
29,0,18
29,1,18
29,2,18
29,3,18
29,4,18
29,5,18
29,6,18
29,7,18
29,8,18
29,9,19
29,10,19
29,11,19
29,12,19
29,13,20
29,14,20
29,15,20
29,16,20
29,17,20
29,18,20
29,19,20
29,20,20
29,21,20
29,22,20
29,23,20
29,24,20
29,25,20
29,26,20
29,27,20
29,28,20
29,29,20
29,30,20
29,31,21
29,32,21
29,33,22
29,34,23
29,35,23
29,36,23
29,37,23
29,38,23
29,39,22
29,40,22
29,41,22
29,42,22
29,43,22
29,44,23
29,45,23
29,46,24
29,47,24
29,48,25
29,49,25
29,50,26
29,51,26
29,52,26
29,53,26
29,54,26
29,55,27
29,56,27
29,57,27
29,58,27
29,59,27
29,60,27
29,61,27
29,62,27
29,63,27
29,64,26
29,65,25
29,66,24
29,67,22
29,68,21
29,69,31
29,70,32
29,71,32
29,72,33
29,73,34
29,74,34
29,75,35
29,76,35
29,77,35
29,78,35
29,79,35
29,80,35
29,81,71
29,82,71
29,83,71
29,84,71
29,85,71
29,86,71
29,87,71
29,88,71
29,89,71
29,90,71
29,91,71
29,92,71
29,93,71
29,94,71
29,95,71
29,96,71
29,97,71
29,98,71
29,99,71
30,0,17
30,1,17
30,2,17
30,3,17
30,4,18
30,5,18
30,6,18
30,7,18
30,8,19
30,9,19
30,10,19
30,11,19
30,12,20
30,13,20
30,14,20
30,15,20
30,16,20
30,17,20
30,18,20
30,19,20
30,20,20
30,21,20
30,22,20
30,23,20
30,24,20
30,25,20
30,26,20
30,27,20
30,28,20
30,29,20
30,30,21
30,31,21
30,32,22
30,33,22
30,34,22
30,35,22
30,36,22
30,37,22
30,38,22
30,39,22
30,40,22
30,41,22
30,42,22
30,43,22
30,44,23
30,45,24
30,46,24
30,47,25
30,48,25
30,49,25
30,50,25
30,51,26
30,52,26
30,53,26
30,54,26
30,55,26
30,56,26
30,57,26
30,58,27
30,59,27
30,60,27
30,61,27
30,62,27
30,63,26
30,64,25
30,65,24
30,66,23
30,67,22
30,68,20
30,69,31
30,70,31
30,71,32
30,72,33
30,73,33
30,74,34
30,75,34
30,76,34
30,77,34
30,78,34
30,79,34
30,80,35
30,81,70
30,82,70
30,83,70
30,84,70
30,85,70
30,86,70
30,87,70
30,88,70
30,89,70
30,90,70
30,91,70
30,92,70
30,93,70
30,94,70
30,95,70
30,96,70
30,97,70
30,98,70
30,99,70
31,0,17
31,1,17
31,2,17
31,3,17
31,4,18
31,5,18
31,6,18
31,7,19
31,8,19
31,9,19
31,10,19
31,11,19
31,12,20
31,13,20
31,14,20
31,15,20
31,16,20
31,17,20
31,18,20
31,19,20
31,20,20
31,21,20
31,22,20
31,23,20
31,24,20
31,25,20
31,26,20
31,27,20
31,28,20
31,29,20
31,30,21
31,31,22
31,32,22
31,33,22
31,34,22
31,35,22
31,36,22
31,37,22
31,38,22
31,39,21
31,40,21
31,41,22
31,42,22
31,43,23
31,44,23
31,45,24
31,46,24
31,47,25
31,48,25
31,49,25
31,50,25
31,51,25
31,52,25
31,53,26
31,54,26
31,55,26
31,56,26
31,57,26
31,58,26
31,59,26
31,60,27
31,61,27
31,62,26
31,63,25
31,64,24
31,65,23
31,66,22
31,67,21
31,68,30
31,69,30
31,70,31
31,71,32
31,72,32
31,73,33
31,74,34
31,75,34
31,76,34
31,77,34
31,78,34
31,79,34
31,80,69
31,81,69
31,82,69
31,83,69
31,84,69
31,85,69
31,86,69
31,87,69
31,88,69
31,89,69
31,90,69
31,91,69
31,92,69
31,93,69
31,94,69
31,95,69
31,96,69
31,97,69
31,98,69
31,99,69
32,0,17
32,1,17
32,2,17
32,3,17
32,4,18
32,5,18
32,6,19
32,7,19
32,8,19
32,9,19
32,10,19
32,11,19
32,12,19
32,13,19
32,14,19
32,15,20
32,16,20
32,17,20
32,18,20
32,19,20
32,20,20
32,21,20
32,22,20
32,23,20
32,24,20
32,25,20
32,26,20
32,27,20
32,28,20
32,29,21
32,30,21
32,31,22
32,32,22
32,33,22
32,34,22
32,35,22
32,36,22
32,37,21
32,38,21
32,39,21
32,40,21
32,41,22
32,42,22
32,43,23
32,44,23
32,45,24
32,46,24
32,47,24
32,48,25
32,49,25
32,50,25
32,51,25
32,52,25
32,53,25
32,54,25
32,55,26
32,56,26
32,57,26
32,58,26
32,59,26
32,60,27
32,61,27
32,62,26
32,63,25
32,64,24
32,65,23
32,66,22
32,67,21
32,68,30
32,69,30
32,70,31
32,71,31
32,72,32
32,73,33
32,74,33
32,75,33
32,76,33
32,77,33
32,78,33
32,79,33
32,80,68
32,81,68
32,82,68
32,83,68
32,84,68
32,85,68
32,86,68
32,87,68
32,88,68
32,89,68
32,90,68
32,91,68
32,92,68
32,93,68
32,94,68
32,95,68
32,96,68
32,97,68
32,98,68
32,99,68
33,0,17
33,1,17
33,2,18
33,3,18
33,4,18
33,5,19
33,6,19
33,7,19
33,8,19
33,9,19
33,10,19
33,11,19
33,12,19
33,13,19
33,14,19
33,15,19
33,16,19
33,17,19
33,18,19
33,19,19
33,20,19
33,21,19
33,22,19
33,23,19
33,24,19
33,25,20
33,26,20
33,27,20
33,28,21
33,29,21
33,30,21
33,31,21
33,32,21
33,33,21
33,34,21
33,35,21
33,36,21
33,37,21
33,38,21
33,39,21
33,40,21
33,41,22
33,42,22
33,43,23
33,44,24
33,45,24
33,46,24
33,47,24
33,48,24
33,49,24
33,50,24
33,51,25
33,52,25
33,53,25
33,54,25
33,55,25
33,56,25
33,57,25
33,58,26
33,59,27
33,60,27
33,61,26
33,62,25
33,63,24
33,64,23
33,65,22
33,66,21
33,67,29
33,68,29
33,69,30
33,70,30
33,71,31
33,72,32
33,73,32
33,74,33
33,75,33
33,76,33
33,77,33
33,78,33
33,79,33
33,80,67
33,81,67
33,82,67
33,83,67
33,84,67
33,85,67
33,86,67
33,87,67
33,88,67
33,89,67
33,90,67
33,91,67
33,92,67
33,93,67
33,94,67
33,95,67
33,96,67
33,97,67
33,98,67
33,99,67
34,0,17
34,1,18
34,2,18
34,3,18
34,4,19
34,5,19
34,6,19
34,7,19
34,8,19
34,9,19
34,10,19
34,11,19
34,12,19
34,13,19
34,14,19
34,15,19
34,16,19
34,17,19
34,18,19
34,19,19
34,20,19
34,21,19
34,22,19
34,23,19
34,24,19
34,25,20
34,26,20
34,27,21
34,28,21
34,29,21
34,30,21
34,31,21
34,32,21
34,33,21
34,34,21
34,35,21
34,36,21
34,37,21
34,38,21
34,39,21
34,40,22
34,41,22
34,42,23
34,43,23
34,44,24
34,45,24
34,46,24
34,47,24
34,48,24
34,49,24
34,50,24
34,51,24
34,52,25
34,53,25
34,54,25
34,55,25
34,56,25
34,57,25
34,58,27
34,59,28
34,60,27
34,61,26
34,62,25
34,63,24
34,64,23
34,65,22
34,66,21
34,67,28
34,68,29
34,69,29
34,70,30
34,71,31
34,72,31
34,73,32
34,74,32
34,75,32
34,76,32
34,77,32
34,78,32
34,79,32
34,80,66
34,81,66
34,82,66
34,83,66
34,84,66
34,85,66
34,86,66
34,87,66
34,88,66
34,89,66
34,90,66
34,91,66
34,92,66
34,93,66
34,94,66
34,95,66
34,96,66
34,97,66
34,98,66
34,99,66
35,0,18
35,1,18
35,2,18
35,3,19
35,4,19
35,5,19
35,6,19
35,7,19
35,8,19
35,9,19
35,10,19
35,11,19
35,12,19
35,13,19
35,14,19
35,15,19
35,16,19
35,17,19
35,18,19
35,19,19
35,20,19
35,21,19
35,22,19
35,23,19
35,24,20
35,25,20
35,26,20
35,27,20
35,28,21
35,29,21
35,30,21
35,31,21
35,32,21
35,33,21
35,34,21
35,35,21
35,36,21
35,37,20
35,38,21
35,39,22
35,40,22
35,41,23
35,42,23
35,43,23
35,44,23
35,45,23
35,46,23
35,47,23
35,48,24
35,49,24
35,50,24
35,51,24
35,52,24
35,53,24
35,54,24
35,55,25
35,56,25
35,57,25
35,58,29
35,59,28
35,60,27
35,61,26
35,62,25
35,63,23
35,64,22
35,65,21
35,66,27
35,67,28
35,68,28
35,69,29
35,70,30
35,71,30
35,72,31
35,73,32
35,74,32
35,75,32
35,76,32
35,77,32
35,78,32
35,79,65
35,80,65
35,81,65
35,82,65
35,83,65
35,84,65
35,85,65
35,86,65
35,87,65
35,88,65
35,89,65
35,90,65
35,91,65
35,92,65
35,93,65
35,94,65
35,95,65
35,96,65
35,97,65
35,98,65
35,99,65
36,0,18
36,1,18
36,2,19
36,3,19
36,4,19
36,5,19
36,6,19
36,7,19
36,8,19
36,9,19
36,10,19
36,11,19
36,12,19
36,13,19
36,14,19
36,15,19
36,16,19
36,17,19
36,18,19
36,19,19
36,20,19
36,21,19
36,22,19
36,23,20
36,24,20
36,25,20
36,26,20
36,27,20
36,28,20
36,29,20
36,30,20
36,31,20
36,32,20
36,33,20
36,34,20
36,35,20
36,36,20
36,37,21
36,38,21
36,39,22
36,40,22
36,41,23
36,42,23
36,43,23
36,44,23
36,45,23
36,46,23
36,47,23
36,48,23
36,49,23
36,50,24
36,51,24
36,52,24
36,53,24
36,54,24
36,55,24
36,56,25
36,57,29
36,58,28
36,59,28
36,60,27
36,61,26
36,62,24
36,63,23
36,64,22
36,65,27
36,66,27
36,67,28
36,68,28
36,69,29
36,70,29
36,71,30
36,72,31
36,73,31
36,74,31
36,75,31
36,76,31
36,77,31
36,78,31
36,79,64
36,80,64
36,81,64
36,82,64
36,83,64
36,84,64
36,85,64
36,86,64
36,87,64
36,88,64
36,89,64
36,90,64
36,91,64
36,92,64
36,93,64
36,94,64
36,95,64
36,96,64
36,97,64
36,98,64
36,99,64
37,0,18
37,1,18
37,2,18
37,3,18
37,4,18
37,5,18
37,6,18
37,7,18
37,8,18
37,9,18
37,10,18
37,11,19
37,12,19
37,13,19
37,14,19
37,15,19
37,16,19
37,17,19
37,18,19
37,19,19
37,20,19
37,21,19
37,22,19
37,23,20
37,24,20
37,25,20
37,26,20
37,27,20
37,28,20
37,29,20
37,30,20
37,31,20
37,32,20
37,33,20
37,34,20
37,35,20
37,36,21
37,37,21
37,38,22
37,39,22
37,40,22
37,41,22
37,42,23
37,43,23
37,44,23
37,45,23
37,46,23
37,47,23
37,48,23
37,49,23
37,50,23
37,51,23
37,52,23
37,53,24
37,54,24
37,55,25
37,56,29
37,57,28
37,58,28
37,59,27
37,60,26
37,61,25
37,62,25
37,63,25
37,64,26
37,65,26
37,66,27
37,67,27
37,68,28
37,69,28
37,70,29
37,71,30
37,72,30
37,73,31
37,74,31
37,75,31
37,76,31
37,77,31
37,78,31
37,79,63
37,80,63
37,81,63
37,82,63
37,83,63
37,84,63
37,85,63
37,86,63
37,87,63
37,88,63
37,89,63
37,90,63
37,91,63
37,92,63
37,93,63
37,94,63
37,95,63
37,96,63
37,97,63
37,98,63
37,99,63
38,0,18
38,1,18
38,2,18
38,3,18
38,4,18
38,5,18
38,6,18
38,7,18
38,8,18
38,9,18
38,10,18
38,11,18
38,12,18
38,13,18
38,14,18
38,15,19
38,16,19
38,17,19
38,18,19
38,19,19
38,20,19
38,21,19
38,22,19
38,23,19
38,24,19
38,25,19
38,26,19
38,27,20
38,28,20
38,29,20
38,30,20
38,31,20
38,32,20
38,33,20
38,34,20
38,35,20
38,36,21
38,37,22
38,38,22
38,39,22
38,40,22
38,41,22
38,42,22
38,43,22
38,44,22
38,45,22
38,46,22
38,47,22
38,48,23
38,49,23
38,50,23
38,51,23
38,52,23
38,53,23
38,54,24
38,55,29
38,56,28
38,57,27
38,58,27
38,59,26
38,60,25
38,61,24
38,62,25
38,63,25
38,64,25
38,65,26
38,66,26
38,67,27
38,68,28
38,69,28
38,70,29
38,71,29
38,72,30
38,73,30
38,74,30
38,75,30
38,76,30
38,77,30
38,78,31
38,79,62
38,80,62
38,81,62
38,82,62
38,83,62
38,84,62
38,85,62
38,86,62
38,87,62
38,88,62
38,89,62
38,90,62
38,91,62
38,92,62
38,93,62
38,94,62
38,95,62
38,96,62
38,97,62
38,98,62
38,99,62
39,0,18
39,1,18
39,2,18
39,3,18
39,4,18
39,5,18
39,6,18
39,7,18
39,8,18
39,9,18
39,10,18
39,11,18
39,12,18
39,13,18
39,14,18
39,15,18
39,16,18
39,17,19
39,18,19
39,19,19
39,20,19
39,21,19
39,22,19
39,23,19
39,24,19
39,25,19
39,26,19
39,27,19
39,28,19
39,29,19
39,30,19
39,31,20
39,32,20
39,33,20
39,34,20
39,35,21
39,36,21
39,37,21
39,38,22
39,39,22
39,40,22
39,41,22
39,42,22
39,43,22
39,44,22
39,45,22
39,46,22
39,47,22
39,48,22
39,49,23
39,50,23
39,51,23
39,52,23
39,53,29
39,54,28
39,55,28
39,56,27
39,57,27
39,58,26
39,59,25
39,60,25
39,61,24
39,62,24
39,63,25
39,64,25
39,65,26
39,66,26
39,67,27
39,68,27
39,69,28
39,70,28
39,71,29
39,72,30
39,73,30
39,74,30
39,75,30
39,76,30
39,77,30
39,78,61
39,79,61
39,80,61
39,81,61
39,82,61
39,83,61
39,84,61
39,85,61
39,86,61
39,87,61
39,88,61
39,89,61
39,90,61
39,91,61
39,92,61
39,93,61
39,94,61
39,95,61
39,96,61
39,97,61
39,98,61
39,99,61
40,0,18
40,1,18
40,2,18
40,3,18
40,4,18
40,5,18
40,6,18
40,7,18
40,8,18
40,9,18
40,10,18
40,11,18
40,12,18
40,13,18
40,14,18
40,15,18
40,16,18
40,17,18
40,18,18
40,19,18
40,20,19
40,21,19
40,22,19
40,23,19
40,24,19
40,25,19
40,26,19
40,27,19
40,28,19
40,29,19
40,30,19
40,31,19
40,32,20
40,33,20
40,34,21
40,35,21
40,36,21
40,37,21
40,38,21
40,39,21
40,40,21
40,41,21
40,42,21
40,43,21
40,44,21
40,45,22
40,46,22
40,47,22
40,48,22
40,49,22
40,50,22
40,51,23
40,52,28
40,53,28
40,54,27
40,55,27
40,56,27
40,57,26
40,58,25
40,59,25
40,60,24
40,61,24
40,62,24
40,63,24
40,64,25
40,65,25
40,66,26
40,67,26
40,68,27
40,69,27
40,70,28
40,71,29
40,72,29
40,73,29
40,74,29
40,75,29
40,76,29
40,77,29
40,78,60
40,79,60
40,80,60
40,81,60
40,82,60
40,83,60
40,84,60
40,85,60
40,86,60
40,87,60
40,88,60
40,89,60
40,90,60
40,91,60
40,92,60
40,93,60
40,94,60
40,95,60
40,96,60
40,97,60
40,98,60
40,99,60
41,0,18
41,1,18
41,2,18
41,3,18
41,4,18
41,5,18
41,6,18
41,7,18
41,8,18
41,9,18
41,10,18
41,11,18
41,12,18
41,13,18
41,14,18
41,15,18
41,16,18
41,17,18
41,18,18
41,19,18
41,20,18
41,21,18
41,22,18
41,23,18
41,24,18
41,25,19
41,26,19
41,27,19
41,28,19
41,29,19
41,30,19
41,31,19
41,32,20
41,33,20
41,34,21
41,35,21
41,36,21
41,37,21
41,38,21
41,39,21
41,40,21
41,41,21
41,42,21
41,43,21
41,44,21
41,45,21
41,46,21
41,47,22
41,48,22
41,49,22
41,50,22
41,51,28
41,52,27
41,53,27
41,54,27
41,55,26
41,56,26
41,57,25
41,58,24
41,59,24
41,60,23
41,61,23
41,62,24
41,63,24
41,64,24
41,65,25
41,66,25
41,67,26
41,68,27
41,69,27
41,70,28
41,71,28
41,72,29
41,73,29
41,74,29
41,75,29
41,76,29
41,77,29
41,78,59
41,79,59
41,80,59
41,81,59
41,82,59
41,83,59
41,84,59
41,85,59
41,86,59
41,87,59
41,88,59
41,89,59
41,90,59
41,91,59
41,92,59
41,93,59
41,94,59
41,95,59
41,96,59
41,97,59
41,98,59
41,99,59
42,0,17
42,1,17
42,2,17
42,3,17
42,4,18
42,5,18
42,6,18
42,7,18
42,8,18
42,9,18
42,10,18
42,11,18
42,12,18
42,13,18
42,14,18
42,15,18
42,16,18
42,17,18
42,18,18
42,19,18
42,20,18
42,21,18
42,22,18
42,23,18
42,24,18
42,25,18
42,26,18
42,27,19
42,28,19
42,29,19
42,30,19
42,31,20
42,32,20
42,33,20
42,34,20
42,35,20
42,36,20
42,37,20
42,38,20
42,39,20
42,40,21
42,41,21
42,42,21
42,43,21
42,44,21
42,45,21
42,46,21
42,47,21
42,48,22
42,49,22
42,50,27
42,51,27
42,52,27
42,53,26
42,54,26
42,55,25
42,56,25
42,57,24
42,58,24
42,59,23
42,60,23
42,61,23
42,62,23
42,63,24
42,64,24
42,65,25
42,66,25
42,67,26
42,68,26
42,69,27
42,70,27
42,71,28
42,72,28
42,73,28
42,74,28
42,75,28
42,76,28
42,77,58
42,78,58
42,79,58
42,80,58
42,81,58
42,82,58
42,83,58
42,84,58
42,85,58
42,86,58
42,87,58
42,88,58
42,89,58
42,90,58
42,91,58
42,92,58
42,93,58
42,94,58
42,95,58
42,96,58
42,97,58
42,98,58
42,99,58
43,0,17
43,1,17
43,2,17
43,3,17
43,4,17
43,5,17
43,6,17
43,7,17
43,8,17
43,9,17
43,10,17
43,11,17
43,12,17
43,13,17
43,14,17
43,15,17
43,16,17
43,17,17
43,18,18
43,19,18
43,20,18
43,21,18
43,22,18
43,23,18
43,24,18
43,25,18
43,26,18
43,27,18
43,28,19
43,29,19
43,30,19
43,31,20
43,32,20
43,33,20
43,34,20
43,35,20
43,36,20
43,37,20
43,38,20
43,39,20
43,40,20
43,41,20
43,42,20
43,43,20
43,44,20
43,45,21
43,46,21
43,47,21
43,48,27
43,49,27
43,50,27
43,51,26
43,52,26
43,53,26
43,54,25
43,55,25
43,56,24
43,57,24
43,58,23
43,59,22
43,60,22
43,61,23
43,62,23
43,63,23
43,64,24
43,65,24
43,66,25
43,67,25
43,68,26
43,69,27
43,70,27
43,71,28
43,72,28
43,73,28
43,74,28
43,75,28
43,76,28
43,77,57
43,78,57
43,79,57
43,80,57
43,81,57
43,82,57
43,83,57
43,84,57
43,85,57
43,86,57
43,87,57
43,88,57
43,89,57
43,90,57
43,91,57
43,92,57
43,93,57
43,94,57
43,95,57
43,96,57
43,97,57
43,98,57
43,99,57
44,0,17
44,1,17
44,2,17
44,3,17
44,4,17
44,5,17
44,6,17
44,7,17
44,8,17
44,9,17
44,10,17
44,11,17
44,12,17
44,13,17
44,14,17
44,15,17
44,16,17
44,17,17
44,18,17
44,19,17
44,20,17
44,21,17
44,22,18
44,23,18
44,24,18
44,25,18
44,26,18
44,27,19
44,28,19
44,29,19
44,30,20
44,31,20
44,32,20
44,33,20
44,34,20
44,35,20
44,36,20
44,37,20
44,38,20
44,39,20
44,40,20
44,41,20
44,42,20
44,43,20
44,44,20
44,45,20
44,46,21
44,47,27
44,48,26
44,49,26
44,50,26
44,51,26
44,52,25
44,53,25
44,54,24
44,55,24
44,56,23
44,57,23
44,58,22
44,59,22
44,60,22
44,61,22
44,62,23
44,63,23
44,64,24
44,65,24
44,66,25
44,67,25
44,68,26
44,69,26
44,70,27
44,71,27
44,72,27
44,73,27
44,74,27
44,75,27
44,76,56
44,77,56
44,78,56
44,79,56
44,80,56
44,81,56
44,82,56
44,83,56
44,84,56
44,85,56
44,86,56
44,87,56
44,88,56
44,89,56
44,90,56
44,91,56
44,92,56
44,93,56
44,94,56
44,95,56
44,96,56
44,97,56
44,98,56
44,99,56
45,0,17
45,1,17
45,2,17
45,3,17
45,4,17
45,5,17
45,6,17
45,7,17
45,8,17
45,9,17
45,10,17
45,11,17
45,12,17
45,13,17
45,14,17
45,15,17
45,16,17
45,17,17
45,18,17
45,19,17
45,20,17
45,21,17
45,22,17
45,23,18
45,24,18
45,25,18
45,26,18
45,27,19
45,28,19
45,29,20
45,30,20
45,31,20
45,32,20
45,33,20
45,34,19
45,35,19
45,36,19
45,37,19
45,38,19
45,39,19
45,40,19
45,41,19
45,42,20
45,43,20
45,44,20
45,45,21
45,46,26
45,47,26
45,48,26
45,49,25
45,50,25
45,51,25
45,52,24
45,53,24
45,54,24
45,55,23
45,56,23
45,57,22
45,58,21
45,59,21
45,60,22
45,61,22
45,62,22
45,63,23
45,64,23
45,65,24
45,66,24
45,67,25
45,68,25
45,69,26
45,70,27
45,71,27
45,72,27
45,73,27
45,74,27
45,75,27
45,76,55
45,77,55
45,78,55
45,79,55
45,80,55
45,81,55
45,82,55
45,83,55
45,84,55
45,85,55
45,86,55
45,87,55
45,88,55
45,89,55
45,90,55
45,91,55
45,92,55
45,93,55
45,94,55
45,95,55
45,96,55
45,97,55
45,98,55
45,99,55
46,0,16
46,1,16
46,2,16
46,3,16
46,4,16
46,5,16
46,6,16
46,7,16
46,8,16
46,9,16
46,10,16
46,11,16
46,12,16
46,13,16
46,14,16
46,15,16
46,16,17
46,17,17
46,18,17
46,19,17
46,20,17
46,21,17
46,22,17
46,23,18
46,24,18
46,25,18
46,26,19
46,27,19
46,28,19
46,29,19
46,30,19
46,31,19
46,32,19
46,33,19
46,34,19
46,35,19
46,36,19
46,37,19
46,38,19
46,39,19
46,40,19
46,41,19
46,42,19
46,43,20
46,44,26
46,45,26
46,46,25
46,47,25
46,48,25
46,49,25
46,50,24
46,51,24
46,52,24
46,53,23
46,54,23
46,55,22
46,56,22
46,57,21
46,58,21
46,59,21
46,60,21
46,61,22
46,62,22
46,63,23
46,64,23
46,65,24
46,66,24
46,67,25
46,68,25
46,69,26
46,70,26
46,71,26
46,72,26
46,73,26
46,74,26
46,75,27
46,76,54
46,77,54
46,78,54
46,79,54
46,80,54
46,81,54
46,82,54
46,83,54
46,84,54
46,85,54
46,86,54
46,87,54
46,88,54
46,89,54
46,90,54
46,91,54
46,92,54
46,93,54
46,94,54
46,95,54
46,96,54
46,97,54
46,98,54
46,99,54
47,0,16
47,1,16
47,2,16
47,3,16
47,4,16
47,5,16
47,6,16
47,7,16
47,8,16
47,9,16
47,10,16
47,11,16
47,12,16
47,13,16
47,14,16
47,15,16
47,16,16
47,17,17
47,18,17
47,19,17
47,20,17
47,21,17
47,22,18
47,23,18
47,24,19
47,25,19
47,26,19
47,27,19
47,28,19
47,29,19
47,30,19
47,31,19
47,32,19
47,33,19
47,34,19
47,35,18
47,36,18
47,37,19
47,38,19
47,39,19
47,40,19
47,41,19
47,42,20
47,43,25
47,44,25
47,45,25
47,46,25
47,47,24
47,48,24
47,49,24
47,50,24
47,51,23
47,52,23
47,53,23
47,54,22
47,55,22
47,56,21
47,57,20
47,58,20
47,59,21
47,60,21
47,61,21
47,62,22
47,63,22
47,64,23
47,65,23
47,66,24
47,67,24
47,68,25
47,69,25
47,70,26
47,71,26
47,72,26
47,73,26
47,74,26
47,75,53
47,76,53
47,77,53
47,78,53
47,79,53
47,80,53
47,81,53
47,82,53
47,83,53
47,84,53
47,85,53
47,86,53
47,87,53
47,88,53
47,89,53
47,90,53
47,91,53
47,92,53
47,93,53
47,94,53
47,95,53
47,96,53
47,97,53
47,98,53
47,99,53
48,0,16
48,1,16
48,2,15
48,3,15
48,4,15
48,5,15
48,6,15
48,7,15
48,8,16
48,9,16
48,10,16
48,11,16
48,12,16
48,13,16
48,14,16
48,15,16
48,16,16
48,17,16
48,18,17
48,19,17
48,20,17
48,21,18
48,22,18
48,23,19
48,24,19
48,25,19
48,26,19
48,27,19
48,28,19
48,29,19
48,30,19
48,31,19
48,32,18
48,33,18
48,34,18
48,35,18
48,36,18
48,37,18
48,38,18
48,39,18
48,40,19
48,41,25
48,42,25
48,43,25
48,44,24
48,45,24
48,46,24
48,47,24
48,48,24
48,49,23
48,50,23
48,51,23
48,52,22
48,53,22
48,54,21
48,55,21
48,56,20
48,57,20
48,58,20
48,59,20
48,60,21
48,61,21
48,62,22
48,63,22
48,64,23
48,65,23
48,66,24
48,67,24
48,68,25
48,69,25
48,70,25
48,71,25
48,72,25
48,73,25
48,74,26
48,75,52
48,76,52
48,77,52
48,78,52
48,79,52
48,80,52
48,81,52
48,82,52
48,83,52
48,84,52
48,85,52
48,86,52
48,87,52
48,88,52
48,89,52
48,90,52
48,91,52
48,92,52
48,93,52
48,94,52
48,95,52
48,96,52
48,97,52
48,98,52
48,99,52
49,0,15
49,1,15
49,2,15
49,3,15
49,4,15
49,5,15
49,6,15
49,7,15
49,8,15
49,9,15
49,10,15
49,11,16
49,12,16
49,13,16
49,14,16
49,15,16
49,16,16
49,17,17
49,18,17
49,19,18
49,20,18
49,21,19
49,22,19
49,23,19
49,24,19
49,25,19
49,26,19
49,27,19
49,28,19
49,29,18
49,30,18
49,31,18
49,32,18
49,33,18
49,34,18
49,35,18
49,36,18
49,37,18
49,38,18
49,39,24
49,40,24
49,41,24
49,42,24
49,43,24
49,44,24
49,45,23
49,46,23
49,47,23
49,48,23
49,49,22
49,50,22
49,51,22
49,52,21
49,53,21
49,54,21
49,55,20
49,56,20
49,57,19
49,58,20
49,59,20
49,60,20
49,61,21
49,62,21
49,63,22
49,64,22
49,65,23
49,66,23
49,67,24
49,68,24
49,69,25
49,70,25
49,71,25
49,72,25
49,73,25
49,74,51
49,75,51
49,76,51
49,77,51
49,78,51
49,79,51
49,80,51
49,81,51
49,82,51
49,83,51
49,84,51
49,85,51
49,86,51
49,87,51
49,88,51
49,89,51
49,90,51
49,91,51
49,92,51
49,93,51
49,94,51
49,95,51
49,96,51
49,97,51
49,98,51
49,99,51
50,0,15
50,1,15
50,2,15
50,3,15
50,4,15
50,5,15
50,6,15
50,7,15
50,8,15
50,9,15
50,10,15
50,11,15
50,12,16
50,13,16
50,14,16
50,15,16
50,16,17
50,17,18
50,18,18
50,19,18
50,20,19
50,21,19
50,22,19
50,23,19
50,24,19
50,25,19
50,26,18
50,27,18
50,28,18
50,29,18
50,30,18
50,31,18
50,32,17
50,33,17
50,34,17
50,35,17
50,36,18
50,37,19
50,38,24
50,39,24
50,40,23
50,41,23
50,42,23
50,43,23
50,44,23
50,45,23
50,46,23
50,47,22
50,48,22
50,49,22
50,50,21
50,51,21
50,52,21
50,53,20
50,54,20
50,55,19
50,56,19
50,57,19
50,58,19
50,59,20
50,60,20
50,61,21
50,62,21
50,63,22
50,64,22
50,65,23
50,66,23
50,67,23
50,68,24
50,69,24
50,70,24
50,71,24
50,72,24
50,73,50
50,74,50
50,75,50
50,76,50
50,77,50
50,78,50
50,79,50
50,80,50
50,81,50
50,82,50
50,83,50
50,84,50
50,85,50
50,86,50
50,87,50
50,88,50
50,89,50
50,90,50
50,91,50
50,92,50
50,93,50
50,94,50
50,95,50
50,96,50
50,97,50
50,98,50
50,99,50
51,0,14
51,1,14
51,2,14
51,3,14
51,4,15
51,5,15
51,6,15
51,7,15
51,8,15
51,9,15
51,10,15
51,11,15
51,12,16
51,13,16
51,14,17
51,15,18
51,16,18
51,17,18
51,18,18
51,19,18
51,20,18
51,21,18
51,22,18
51,23,18
51,24,18
51,25,18
51,26,18
51,27,18
51,28,18
51,29,17
51,30,17
51,31,17
51,32,17
51,33,17
51,34,17
51,35,18
51,36,23
51,37,23
51,38,23
51,39,23
51,40,23
51,41,23
51,42,23
51,43,22
51,44,22
51,45,22
51,46,22
51,47,22
51,48,21
51,49,21
51,50,21
51,51,20
51,52,20
51,53,19
51,54,19
51,55,19
51,56,18
51,57,19
51,58,19
51,59,20
51,60,20
51,61,20
51,62,21
51,63,21
51,64,22
51,65,22
51,66,23
51,67,23
51,68,24
51,69,24
51,70,24
51,71,24
51,72,24
51,73,49
51,74,49
51,75,49
51,76,49
51,77,49
51,78,49
51,79,49
51,80,49
51,81,49
51,82,49
51,83,49
51,84,49
51,85,49
51,86,49
51,87,49
51,88,49
51,89,49
51,90,49
51,91,49
51,92,49
51,93,49
51,94,49
51,95,49
51,96,49
51,97,49
51,98,49
51,99,49
52,0,14
52,1,14
52,2,14
52,3,14
52,4,14
52,5,14
52,6,15
52,7,15
52,8,15
52,9,15
52,10,16
52,11,16
52,12,17
52,13,18
52,14,18
52,15,18
52,16,18
52,17,18
52,18,18
52,19,18
52,20,18
52,21,18
52,22,18
52,23,18
52,24,18
52,25,17
52,26,17
52,27,17
52,28,17
52,29,17
52,30,17
52,31,17
52,32,17
52,33,18
52,34,23
52,35,23
52,36,22
52,37,22
52,38,22
52,39,22
52,40,22
52,41,22
52,42,22
52,43,22
52,44,21
52,45,21
52,46,21
52,47,21
52,48,21
52,49,20
52,50,20
52,51,19
52,52,19
52,53,19
52,54,18
52,55,18
52,56,18
52,57,19
52,58,19
52,59,19
52,60,20
52,61,20
52,62,21
52,63,21
52,64,22
52,65,22
52,66,22
52,67,23
52,68,23
52,69,23
52,70,23
52,71,23
52,72,48
52,73,48
52,74,48
52,75,48
52,76,48
52,77,48
52,78,48
52,79,48
52,80,48
52,81,48
52,82,48
52,83,48
52,84,48
52,85,48
52,86,48
52,87,48
52,88,48
52,89,48
52,90,48
52,91,48
52,92,48
52,93,48
52,94,48
52,95,48
52,96,48
52,97,48
52,98,48
52,99,48
53,0,14
53,1,14
53,2,14
53,3,14
53,4,14
53,5,15
53,6,15
53,7,15
53,8,16
53,9,17
53,10,17
53,11,18
53,12,18
53,13,18
53,14,18
53,15,18
53,16,18
53,17,18
53,18,18
53,19,18
53,20,18
53,21,18
53,22,17
53,23,17
53,24,17
53,25,17
53,26,17
53,27,17
53,28,16
53,29,16
53,30,16
53,31,22
53,32,22
53,33,22
53,34,22
53,35,22
53,36,22
53,37,22
53,38,22
53,39,22
53,40,21
53,41,21
53,42,21
53,43,21
53,44,21
53,45,21
53,46,20
53,47,20
53,48,20
53,49,19
53,50,19
53,51,19
53,52,18
53,53,18
53,54,18
53,55,18
53,56,18
53,57,18
53,58,19
53,59,19
53,60,20
53,61,20
53,62,20
53,63,21
53,64,21
53,65,22
53,66,22
53,67,23
53,68,23
53,69,23
53,70,23
53,71,47
53,72,47
53,73,47
53,74,47
53,75,47
53,76,47
53,77,47
53,78,47
53,79,47
53,80,47
53,81,47
53,82,47
53,83,47
53,84,47
53,85,47
53,86,47
53,87,47
53,88,47
53,89,47
53,90,47
53,91,47
53,92,47
53,93,47
53,94,47
53,95,47
53,96,47
53,97,47
53,98,47
53,99,47
54,0,14
54,1,14
54,2,14
54,3,14
54,4,15
54,5,16
54,6,16
54,7,17
54,8,17
54,9,17
54,10,17
54,11,18
54,12,18
54,13,18
54,14,18
54,15,18
54,16,18
54,17,17
54,18,17
54,19,17
54,20,17
54,21,17
54,22,17
54,23,17
54,24,17
54,25,16
54,26,16
54,27,16
54,28,16
54,29,21
54,30,21
54,31,21
54,32,21
54,33,21
54,34,21
54,35,21
54,36,21
54,37,21
54,38,21
54,39,21
54,40,21
54,41,21
54,42,20
54,43,20
54,44,20
54,45,20
54,46,20
54,47,19
54,48,19
54,49,19
54,50,18
54,51,18
54,52,18
54,53,17
54,54,17
54,55,17
54,56,18
54,57,18
54,58,19
54,59,19
54,60,19
54,61,20
54,62,20
54,63,21
54,64,21
54,65,22
54,66,22
54,67,22
54,68,22
54,69,22
54,70,23
54,71,46
54,72,46
54,73,46
54,74,46
54,75,46
54,76,46
54,77,46
54,78,46
54,79,46
54,80,46
54,81,46
54,82,46
54,83,46
54,84,46
54,85,46
54,86,46
54,87,46
54,88,46
54,89,46
54,90,46
54,91,46
54,92,46
54,93,46
54,94,46
54,95,46
54,96,46
54,97,46
54,98,46
54,99,46
55,0,14
55,1,15
55,2,15
55,3,16
55,4,17
55,5,17
55,6,17
55,7,17
55,8,17
55,9,17
55,10,17
55,11,17
55,12,17
55,13,17
55,14,17
55,15,17
55,16,17
55,17,17
55,18,17
55,19,17
55,20,17
55,21,17
55,22,16
55,23,16
55,24,16
55,25,16
55,26,21
55,27,21
55,28,21
55,29,21
55,30,21
55,31,21
55,32,21
55,33,21
55,34,21
55,35,21
55,36,21
55,37,20
55,38,20
55,39,20
55,40,20
55,41,20
55,42,20
55,43,19
55,44,19
55,45,19
55,46,19
55,47,18
55,48,18
55,49,18
55,50,18
55,51,17
55,52,17
55,53,17
55,54,17
55,55,17
55,56,18
55,57,18
55,58,18
55,59,19
55,60,19
55,61,20
55,62,20
55,63,20
55,64,21
55,65,21
55,66,22
55,67,22
55,68,22
55,69,22
55,70,45
55,71,45
55,72,45
55,73,45
55,74,45
55,75,45
55,76,45
55,77,45
55,78,45
55,79,45
55,80,45
55,81,45
55,82,45
55,83,45
55,84,45
55,85,45
55,86,45
55,87,45
55,88,45
55,89,45
55,90,45
55,91,45
55,92,45
55,93,45
55,94,45
55,95,45
55,96,45
55,97,45
55,98,45
55,99,45
56,0,16
56,1,17
56,2,17
56,3,17
56,4,17
56,5,17
56,6,17
56,7,17
56,8,17
56,9,17
56,10,17
56,11,17
56,12,17
56,13,17
56,14,17
56,15,17
56,16,17
56,17,16
56,18,16
56,19,16
56,20,16
56,21,16
56,22,16
56,23,20
56,24,20
56,25,20
56,26,20
56,27,20
56,28,20
56,29,20
56,30,20
56,31,20
56,32,20
56,33,20
56,34,20
56,35,20
56,36,20
56,37,20
56,38,20
56,39,19
56,40,19
56,41,19
56,42,19
56,43,19
56,44,19
56,45,18
56,46,18
56,47,18
56,48,17
56,49,17
56,50,17
56,51,16
56,52,16
56,53,16
56,54,17
56,55,17
56,56,17
56,57,18
56,58,18
56,59,19
56,60,19
56,61,19
56,62,20
56,63,20
56,64,21
56,65,21
56,66,21
56,67,21
56,68,21
56,69,44
56,70,44
56,71,44
56,72,44
56,73,44
56,74,44
56,75,44
56,76,44
56,77,44
56,78,44
56,79,44
56,80,44
56,81,44
56,82,44
56,83,44
56,84,44
56,85,44
56,86,44
56,87,44
56,88,44
56,89,44
56,90,44
56,91,44
56,92,44
56,93,44
56,94,44
56,95,44
56,96,44
56,97,44
56,98,44
56,99,44
57,0,17
57,1,17
57,2,17
57,3,17
57,4,17
57,5,17
57,6,17
57,7,17
57,8,17
57,9,17
57,10,17
57,11,17
57,12,17
57,13,16
57,14,16
57,15,16
57,16,16
57,17,16
57,18,16
57,19,16
57,20,20
57,21,20
57,22,20
57,23,20
57,24,20
57,25,20
57,26,20
57,27,20
57,28,20
57,29,20
57,30,20
57,31,20
57,32,20
57,33,19
57,34,19
57,35,19
57,36,19
57,37,19
57,38,19
57,39,19
57,40,19
57,41,18
57,42,18
57,43,18
57,44,18
57,45,17
57,46,17
57,47,17
57,48,17
57,49,16
57,50,16
57,51,16
57,52,16
57,53,16
57,54,17
57,55,17
57,56,17
57,57,18
57,58,18
57,59,18
57,60,19
57,61,19
57,62,20
57,63,20
57,64,20
57,65,21
57,66,21
57,67,21
57,68,43
57,69,43
57,70,43
57,71,43
57,72,43
57,73,43
57,74,43
57,75,43
57,76,43
57,77,43
57,78,43
57,79,43
57,80,43
57,81,43
57,82,43
57,83,43
57,84,43
57,85,43
57,86,43
57,87,43
57,88,43
57,89,43
57,90,43
57,91,43
57,92,43
57,93,43
57,94,43
57,95,43
57,96,43
57,97,43
57,98,43
57,99,43
58,0,17
58,1,17
58,2,17
58,3,17
58,4,17
58,5,17
58,6,17
58,7,16
58,8,16
58,9,16
58,10,16
58,11,16
58,12,16
58,13,16
58,14,16
58,15,16
58,16,16
58,17,19
58,18,19
58,19,19
58,20,19
58,21,19
58,22,19
58,23,19
58,24,19
58,25,19
58,26,19
58,27,19
58,28,19
58,29,19
58,30,19
58,31,19
58,32,19
58,33,19
58,34,19
58,35,19
58,36,18
58,37,18
58,38,18
58,39,18
58,40,18
58,41,18
58,42,17
58,43,17
58,44,17
58,45,17
58,46,16
58,47,16
58,48,16
58,49,16
58,50,15
58,51,15
58,52,16
58,53,16
58,54,16
58,55,17
58,56,17
58,57,17
58,58,18
58,59,18
58,60,19
58,61,19
58,62,19
58,63,20
58,64,20
58,65,20
58,66,21
58,67,42
58,68,42
58,69,42
58,70,42
58,71,42
58,72,42
58,73,42
58,74,42
58,75,42
58,76,42
58,77,42
58,78,42
58,79,42
58,80,42
58,81,42
58,82,42
58,83,42
58,84,42
58,85,42
58,86,42
58,87,42
58,88,42
58,89,42
58,90,42
58,91,42
58,92,42
58,93,42
58,94,42
58,95,42
58,96,42
58,97,42
58,98,42
58,99,42
59,0,17
59,1,16
59,2,16
59,3,16
59,4,16
59,5,16
59,6,16
59,7,16
59,8,16
59,9,16
59,10,16
59,11,16
59,12,16
59,13,19
59,14,19
59,15,19
59,16,19
59,17,19
59,18,19
59,19,19
59,20,19
59,21,19
59,22,19
59,23,19
59,24,19
59,25,19
59,26,19
59,27,18
59,28,18
59,29,18
59,30,18
59,31,18
59,32,18
59,33,18
59,34,18
59,35,18
59,36,18
59,37,18
59,38,17
59,39,17
59,40,17
59,41,17
59,42,17
59,43,16
59,44,16
59,45,16
59,46,16
59,47,15
59,48,15
59,49,15
59,50,15
59,51,15
59,52,16
59,53,16
59,54,16
59,55,17
59,56,17
59,57,17
59,58,18
59,59,18
59,60,18
59,61,19
59,62,19
59,63,20
59,64,20
59,65,21
59,66,41
59,67,41
59,68,41
59,69,41
59,70,41
59,71,41
59,72,41
59,73,41
59,74,41
59,75,41
59,76,41
59,77,41
59,78,41
59,79,41
59,80,41
59,81,41
59,82,41
59,83,41
59,84,41
59,85,41
59,86,41
59,87,41
59,88,41
59,89,41
59,90,41
59,91,41
59,92,41
59,93,41
59,94,41
59,95,41
59,96,41
59,97,41
59,98,41
59,99,41
60,0,16
60,1,16
60,2,16
60,3,16
60,4,16
60,5,16
60,6,16
60,7,18
60,8,18
60,9,18
60,10,18
60,11,18
60,12,18
60,13,18
60,14,18
60,15,18
60,16,18
60,17,18
60,18,18
60,19,18
60,20,18
60,21,18
60,22,18
60,23,18
60,24,18
60,25,18
60,26,18
60,27,18
60,28,18
60,29,18
60,30,18
60,31,18
60,32,17
60,33,17
60,34,17
60,35,17
60,36,17
60,37,17
60,38,17
60,39,16
60,40,16
60,41,16
60,42,16
60,43,16
60,44,15
60,45,15
60,46,15
60,47,15
60,48,14
60,49,14
60,50,15
60,51,15
60,52,15
60,53,16
60,54,16
60,55,16
60,56,17
60,57,17
60,58,17
60,59,18
60,60,18
60,61,19
60,62,19
60,63,19
60,64,40
60,65,40
60,66,40
60,67,40
60,68,40
60,69,40
60,70,40
60,71,40
60,72,40
60,73,40
60,74,40
60,75,40
60,76,40
60,77,40
60,78,40
60,79,40
60,80,40
60,81,40
60,82,40
60,83,40
60,84,40
60,85,40
60,86,40
60,87,40
60,88,40
60,89,40
60,90,40
60,91,40
60,92,40
60,93,40
60,94,40
60,95,40
60,96,40
60,97,40
60,98,40
60,99,40
61,0,16
61,1,16
61,2,17
61,3,17
61,4,17
61,5,17
61,6,17
61,7,18
61,8,18
61,9,18
61,10,18
61,11,18
61,12,18
61,13,18
61,14,18
61,15,18
61,16,18
61,17,18
61,18,18
61,19,17
61,20,17
61,21,17
61,22,17
61,23,17
61,24,17
61,25,17
61,26,17
61,27,17
61,28,17
61,29,17
61,30,17
61,31,17
61,32,17
61,33,17
61,34,16
61,35,16
61,36,16
61,37,16
61,38,16
61,39,16
61,40,16
61,41,15
61,42,15
61,43,15
61,44,15
61,45,15
61,46,14
61,47,14
61,48,14
61,49,14
61,50,15
61,51,15
61,52,15
61,53,16
61,54,16
61,55,16
61,56,17
61,57,17
61,58,17
61,59,18
61,60,18
61,61,18
61,62,20
61,63,39
61,64,39
61,65,39
61,66,39
61,67,39
61,68,39
61,69,39
61,70,39
61,71,39
61,72,39
61,73,39
61,74,39
61,75,39
61,76,39
61,77,39
61,78,39
61,79,39
61,80,39
61,81,39
61,82,39
61,83,39
61,84,39
61,85,39
61,86,39
61,87,39
61,88,39
61,89,39
61,90,39
61,91,39
61,92,39
61,93,39
61,94,39
61,95,39
61,96,39
61,97,39
61,98,39
61,99,39
62,0,17
62,1,17
62,2,17
62,3,17
62,4,17
62,5,17
62,6,17
62,7,17
62,8,17
62,9,17
62,10,17
62,11,17
62,12,17
62,13,17
62,14,17
62,15,17
62,16,17
62,17,17
62,18,17
62,19,17
62,20,17
62,21,17
62,22,17
62,23,17
62,24,17
62,25,17
62,26,16
62,27,16
62,28,16
62,29,16
62,30,16
62,31,16
62,32,16
62,33,16
62,34,16
62,35,16
62,36,15
62,37,15
62,38,15
62,39,15
62,40,15
62,41,15
62,42,14
62,43,14
62,44,14
62,45,14
62,46,14
62,47,14
62,48,14
62,49,14
62,50,14
62,51,15
62,52,15
62,53,15
62,54,16
62,55,16
62,56,16
62,57,17
62,58,17
62,59,17
62,60,18
62,61,38
62,62,38
62,63,38
62,64,38
62,65,38
62,66,38
62,67,38
62,68,38
62,69,38
62,70,38
62,71,38
62,72,38
62,73,38
62,74,38
62,75,38
62,76,38
62,77,38
62,78,38
62,79,38
62,80,38
62,81,38
62,82,38
62,83,38
62,84,38
62,85,38
62,86,38
62,87,38
62,88,38
62,89,38
62,90,38
62,91,38
62,92,38
62,93,38
62,94,38
62,95,38
62,96,38
62,97,38
62,98,38
62,99,38
63,0,16
63,1,16
63,2,16
63,3,16
63,4,16
63,5,16
63,6,16
63,7,16
63,8,16
63,9,16
63,10,16
63,11,16
63,12,16
63,13,16
63,14,16
63,15,16
63,16,16
63,17,16
63,18,16
63,19,16
63,20,16
63,21,16
63,22,16
63,23,16
63,24,16
63,25,16
63,26,16
63,27,16
63,28,16
63,29,16
63,30,15
63,31,15
63,32,15
63,33,15
63,34,15
63,35,15
63,36,15
63,37,15
63,38,14
63,39,14
63,40,14
63,41,14
63,42,14
63,43,13
63,44,13
63,45,13
63,46,13
63,47,14
63,48,14
63,49,14
63,50,14
63,51,15
63,52,15
63,53,15
63,54,16
63,55,16
63,56,16
63,57,17
63,58,17
63,59,18
63,60,37
63,61,37
63,62,37
63,63,37
63,64,37
63,65,37
63,66,37
63,67,37
63,68,37
63,69,37
63,70,37
63,71,37
63,72,37
63,73,37
63,74,37
63,75,37
63,76,37
63,77,37
63,78,37
63,79,37
63,80,37
63,81,37
63,82,37
63,83,37
63,84,37
63,85,37
63,86,37
63,87,37
63,88,37
63,89,37
63,90,37
63,91,37
63,92,37
63,93,37
63,94,37
63,95,37
63,96,37
63,97,37
63,98,37
63,99,37
64,0,16
64,1,16
64,2,16
64,3,16
64,4,16
64,5,16
64,6,16
64,7,16
64,8,16
64,9,16
64,10,16
64,11,16
64,12,16
64,13,16
64,14,16
64,15,16
64,16,16
64,17,16
64,18,16
64,19,15
64,20,15
64,21,15
64,22,15
64,23,15
64,24,15
64,25,15
64,26,15
64,27,15
64,28,15
64,29,15
64,30,15
64,31,15
64,32,14
64,33,14
64,34,14
64,35,14
64,36,14
64,37,14
64,38,14
64,39,14
64,40,13
64,41,13
64,42,13
64,43,13
64,44,13
64,45,13
64,46,13
64,47,13
64,48,14
64,49,14
64,50,14
64,51,15
64,52,15
64,53,15
64,54,15
64,55,16
64,56,16
64,57,16
64,58,36
64,59,36
64,60,36
64,61,36
64,62,36
64,63,36
64,64,36
64,65,36
64,66,36
64,67,36
64,68,36
64,69,36
64,70,36
64,71,36
64,72,36
64,73,36
64,74,36
64,75,36
64,76,36
64,77,36
64,78,36
64,79,36
64,80,36
64,81,36
64,82,36
64,83,36
64,84,36
64,85,36
64,86,36
64,87,36
64,88,36
64,89,36
64,90,36
64,91,36
64,92,36
64,93,36
64,94,36
64,95,36
64,96,36
64,97,36
64,98,36
64,99,36
65,0,15
65,1,15
65,2,15
65,3,15
65,4,15
65,5,15
65,6,15
65,7,15
65,8,15
65,9,15
65,10,15
65,11,15
65,12,15
65,13,15
65,14,15
65,15,15
65,16,15
65,17,15
65,18,15
65,19,15
65,20,15
65,21,15
65,22,15
65,23,15
65,24,14
65,25,14
65,26,14
65,27,14
65,28,14
65,29,14
65,30,14
65,31,14
65,32,14
65,33,14
65,34,14
65,35,13
65,36,13
65,37,13
65,38,13
65,39,13
65,40,13
65,41,12
65,42,12
65,43,12
65,44,13
65,45,13
65,46,13
65,47,13
65,48,14
65,49,14
65,50,14
65,51,14
65,52,15
65,53,15
65,54,15
65,55,16
65,56,16
65,57,35
65,58,35
65,59,35
65,60,35
65,61,35
65,62,35
65,63,35
65,64,35
65,65,35
65,66,35
65,67,35
65,68,35
65,69,35
65,70,35
65,71,35
65,72,35
65,73,35
65,74,35
65,75,35
65,76,35
65,77,35
65,78,35
65,79,35
65,80,35
65,81,35
65,82,35
65,83,35
65,84,35
65,85,35
65,86,35
65,87,35
65,88,35
65,89,35
65,90,35
65,91,35
65,92,35
65,93,35
65,94,35
65,95,35
65,96,35
65,97,35
65,98,35
65,99,35
66,0,15
66,1,15
66,2,15
66,3,15
66,4,15
66,5,15
66,6,15
66,7,15
66,8,14
66,9,14
66,10,14
66,11,14
66,12,14
66,13,14
66,14,14
66,15,14
66,16,14
66,17,14
66,18,14
66,19,14
66,20,14
66,21,14
66,22,14
66,23,14
66,24,14
66,25,14
66,26,14
66,27,13
66,28,13
66,29,13
66,30,13
66,31,13
66,32,13
66,33,13
66,34,13
66,35,13
66,36,12
66,37,12
66,38,12
66,39,12
66,40,12
66,41,12
66,42,12
66,43,12
66,44,12
66,45,13
66,46,13
66,47,13
66,48,13
66,49,14
66,50,14
66,51,14
66,52,15
66,53,15
66,54,15
66,55,34
66,56,34
66,57,34
66,58,34
66,59,34
66,60,34
66,61,34
66,62,34
66,63,34
66,64,34
66,65,34
66,66,34
66,67,34
66,68,34
66,69,34
66,70,34
66,71,34
66,72,34
66,73,34
66,74,34
66,75,34
66,76,34
66,77,34
66,78,34
66,79,34
66,80,34
66,81,34
66,82,34
66,83,34
66,84,34
66,85,34
66,86,34
66,87,34
66,88,34
66,89,34
66,90,34
66,91,34
66,92,34
66,93,34
66,94,34
66,95,34
66,96,34
66,97,34
66,98,34
66,99,34
67,0,14
67,1,14
67,2,14
67,3,14
67,4,14
67,5,14
67,6,14
67,7,14
67,8,14
67,9,14
67,10,14
67,11,14
67,12,14
67,13,14
67,14,14
67,15,14
67,16,13
67,17,13
67,18,13
67,19,13
67,20,13
67,21,13
67,22,13
67,23,13
67,24,13
67,25,13
67,26,13
67,27,13
67,28,13
67,29,13
67,30,13
67,31,12
67,32,12
67,33,12
67,34,12
67,35,12
67,36,12
67,37,12
67,38,11
67,39,11
67,40,11
67,41,12
67,42,12
67,43,12
67,44,12
67,45,13
67,46,13
67,47,13
67,48,13
67,49,14
67,50,14
67,51,14
67,52,15
67,53,33
67,54,33
67,55,33
67,56,33
67,57,33
67,58,33
67,59,33
67,60,33
67,61,33
67,62,33
67,63,33
67,64,33
67,65,33
67,66,33
67,67,33
67,68,33
67,69,33
67,70,33
67,71,33
67,72,33
67,73,33
67,74,33
67,75,33
67,76,33
67,77,33
67,78,33
67,79,33
67,80,33
67,81,33
67,82,33
67,83,33
67,84,33
67,85,33
67,86,33
67,87,33
67,88,33
67,89,33
67,90,33
67,91,33
67,92,33
67,93,33
67,94,33
67,95,33
67,96,33
67,97,33
67,98,33
67,99,33
68,0,13
68,1,13
68,2,13
68,3,13
68,4,13
68,5,13
68,6,13
68,7,13
68,8,13
68,9,13
68,10,13
68,11,13
68,12,13
68,13,13
68,14,13
68,15,13
68,16,13
68,17,13
68,18,13
68,19,13
68,20,13
68,21,12
68,22,12
68,23,12
68,24,12
68,25,12
68,26,12
68,27,12
68,28,12
68,29,12
68,30,12
68,31,12
68,32,12
68,33,11
68,34,11
68,35,11
68,36,11
68,37,11
68,38,11
68,39,11
68,40,11
68,41,12
68,42,12
68,43,12
68,44,12
68,45,13
68,46,13
68,47,13
68,48,13
68,49,14
68,50,14
68,51,32
68,52,32
68,53,32
68,54,32
68,55,32
68,56,32
68,57,32
68,58,32
68,59,32
68,60,32
68,61,32
68,62,32
68,63,32
68,64,32
68,65,32
68,66,32
68,67,32
68,68,32
68,69,32
68,70,32
68,71,32
68,72,32
68,73,32
68,74,32
68,75,32
68,76,32
68,77,32
68,78,32
68,79,32
68,80,32
68,81,32
68,82,32
68,83,32
68,84,32
68,85,32
68,86,32
68,87,32
68,88,32
68,89,32
68,90,32
68,91,32
68,92,32
68,93,32
68,94,32
68,95,32
68,96,32
68,97,32
68,98,32
68,99,32
69,0,13
69,1,13
69,2,13
69,3,13
69,4,13
69,5,12
69,6,12
69,7,12
69,8,12
69,9,12
69,10,12
69,11,12
69,12,12
69,13,12
69,14,12
69,15,12
69,16,12
69,17,12
69,18,12
69,19,12
69,20,12
69,21,12
69,22,12
69,23,12
69,24,12
69,25,11
69,26,11
69,27,11
69,28,11
69,29,11
69,30,11
69,31,11
69,32,11
69,33,11
69,34,11
69,35,10
69,36,11
69,37,11
69,38,11
69,39,11
69,40,11
69,41,12
69,42,12
69,43,12
69,44,12
69,45,13
69,46,13
69,47,13
69,48,14
69,49,31
69,50,31
69,51,31
69,52,31
69,53,31
69,54,31
69,55,31
69,56,31
69,57,31
69,58,31
69,59,31
69,60,31
69,61,31
69,62,31
69,63,31
69,64,31
69,65,31
69,66,31
69,67,31
69,68,31
69,69,31
69,70,31
69,71,31
69,72,31
69,73,31
69,74,31
69,75,31
69,76,31
69,77,31
69,78,31
69,79,31
69,80,31
69,81,31
69,82,31
69,83,31
69,84,31
69,85,31
69,86,31
69,87,31
69,88,31
69,89,31
69,90,31
69,91,31
69,92,31
69,93,31
69,94,31
69,95,31
69,96,31
69,97,31
69,98,31
69,99,31
70,0,12
70,1,12
70,2,12
70,3,12
70,4,12
70,5,12
70,6,12
70,7,12
70,8,12
70,9,12
70,10,12
70,11,12
70,12,12
70,13,11
70,14,11
70,15,11
70,16,11
70,17,11
70,18,11
70,19,11
70,20,11
70,21,11
70,22,11
70,23,11
70,24,11
70,25,11
70,26,11
70,27,11
70,28,11
70,29,10
70,30,10
70,31,10
70,32,10
70,33,10
70,34,10
70,35,10
70,36,11
70,37,11
70,38,11
70,39,11
70,40,11
70,41,12
70,42,12
70,43,12
70,44,12
70,45,13
70,46,30
70,47,30
70,48,30
70,49,30
70,50,30
70,51,30
70,52,30
70,53,30
70,54,30
70,55,30
70,56,30
70,57,30
70,58,30
70,59,30
70,60,30
70,61,30
70,62,30
70,63,30
70,64,30
70,65,30
70,66,30
70,67,30
70,68,30
70,69,30
70,70,30
70,71,30
70,72,30
70,73,30
70,74,30
70,75,30
70,76,30
70,77,30
70,78,30
70,79,30
70,80,30
70,81,30
70,82,30
70,83,30
70,84,30
70,85,30
70,86,30
70,87,30
70,88,30
70,89,30
70,90,30
70,91,30
70,92,30
70,93,30
70,94,30
70,95,30
70,96,30
70,97,30
70,98,30
70,99,30
71,0,11
71,1,11
71,2,11
71,3,11
71,4,11
71,5,11
71,6,11
71,7,11
71,8,11
71,9,11
71,10,11
71,11,11
71,12,11
71,13,11
71,14,11
71,15,11
71,16,11
71,17,11
71,18,11
71,19,10
71,20,10
71,21,10
71,22,10
71,23,10
71,24,10
71,25,10
71,26,10
71,27,10
71,28,10
71,29,10
71,30,10
71,31,10
71,32,10
71,33,10
71,34,10
71,35,10
71,36,11
71,37,11
71,38,11
71,39,11
71,40,11
71,41,12
71,42,12
71,43,29
71,44,29
71,45,29
71,46,29
71,47,29
71,48,29
71,49,29
71,50,29
71,51,29
71,52,29
71,53,29
71,54,29
71,55,29
71,56,29
71,57,29
71,58,29
71,59,29
71,60,29
71,61,29
71,62,29
71,63,29
71,64,29
71,65,29
71,66,29
71,67,29
71,68,29
71,69,29
71,70,29
71,71,29
71,72,29
71,73,29
71,74,29
71,75,29
71,76,29
71,77,29
71,78,29
71,79,29
71,80,29
71,81,29
71,82,29
71,83,29
71,84,29
71,85,29
71,86,29
71,87,29
71,88,29
71,89,29
71,90,29
71,91,29
71,92,29
71,93,29
71,94,29
71,95,29
71,96,29
71,97,29
71,98,29
71,99,29
72,0,10
72,1,10
72,2,10
72,3,10
72,4,10
72,5,10
72,6,10
72,7,10
72,8,10
72,9,10
72,10,10
72,11,10
72,12,10
72,13,10
72,14,10
72,15,10
72,16,10
72,17,10
72,18,10
72,19,10
72,20,10
72,21,10
72,22,10
72,23,9
72,24,9
72,25,9
72,26,9
72,27,9
72,28,9
72,29,9
72,30,9
72,31,10
72,32,10
72,33,10
72,34,10
72,35,10
72,36,11
72,37,11
72,38,11
72,39,12
72,40,28
72,41,28
72,42,28
72,43,28
72,44,28
72,45,28
72,46,28
72,47,28
72,48,28
72,49,28
72,50,28
72,51,28
72,52,28
72,53,28
72,54,28
72,55,28
72,56,28
72,57,28
72,58,28
72,59,28
72,60,28
72,61,28
72,62,28
72,63,28
72,64,28
72,65,28
72,66,28
72,67,28
72,68,28
72,69,28
72,70,28
72,71,28
72,72,28
72,73,28
72,74,28
72,75,28
72,76,28
72,77,28
72,78,28
72,79,28
72,80,28
72,81,28
72,82,28
72,83,28
72,84,28
72,85,28
72,86,28
72,87,28
72,88,28
72,89,28
72,90,28
72,91,28
72,92,28
72,93,28
72,94,28
72,95,28
72,96,28
72,97,28
72,98,28
72,99,28
73,0,10
73,1,10
73,2,10
73,3,10
73,4,10
73,5,10
73,6,10
73,7,10
73,8,10
73,9,10
73,10,9
73,11,9
73,12,9
73,13,9
73,14,9
73,15,9
73,16,9
73,17,9
73,18,9
73,19,9
73,20,9
73,21,9
73,22,9
73,23,9
73,24,9
73,25,9
73,26,9
73,27,9
73,28,9
73,29,9
73,30,10
73,31,10
73,32,10
73,33,10
73,34,10
73,35,11
73,36,27
73,37,27
73,38,27
73,39,27
73,40,27
73,41,27
73,42,27
73,43,27
73,44,27
73,45,27
73,46,27
73,47,27
73,48,27
73,49,27
73,50,27
73,51,27
73,52,27
73,53,27
73,54,27
73,55,27
73,56,27
73,57,27
73,58,27
73,59,27
73,60,27
73,61,27
73,62,27
73,63,27
73,64,27
73,65,27
73,66,27
73,67,27
73,68,27
73,69,27
73,70,27
73,71,27
73,72,27
73,73,27
73,74,27
73,75,27
73,76,27
73,77,27
73,78,27
73,79,27
73,80,27
73,81,27
73,82,27
73,83,27
73,84,27
73,85,27
73,86,27
73,87,27
73,88,27
73,89,27
73,90,27
73,91,27
73,92,27
73,93,27
73,94,27
73,95,27
73,96,27
73,97,27
73,98,27
73,99,27
74,0,9
74,1,9
74,2,9
74,3,9
74,4,9
74,5,9
74,6,9
74,7,9
74,8,9
74,9,9
74,10,9
74,11,9
74,12,9
74,13,9
74,14,9
74,15,9
74,16,9
74,17,8
74,18,8
74,19,8
74,20,8
74,21,8
74,22,8
74,23,9
74,24,9
74,25,9
74,26,9
74,27,9
74,28,9
74,29,9
74,30,10
74,31,26
74,32,26
74,33,26
74,34,26
74,35,26
74,36,26
74,37,26
74,38,26
74,39,26
74,40,26
74,41,26
74,42,26
74,43,26
74,44,26
74,45,26
74,46,26
74,47,26
74,48,26
74,49,26
74,50,26
74,51,26
74,52,26
74,53,26
74,54,26
74,55,26
74,56,26
74,57,26
74,58,26
74,59,26
74,60,26
74,61,26
74,62,26
74,63,26
74,64,26
74,65,26
74,66,26
74,67,26
74,68,26
74,69,26
74,70,26
74,71,26
74,72,26
74,73,26
74,74,26
74,75,26
74,76,26
74,77,26
74,78,26
74,79,26
74,80,26
74,81,26
74,82,26
74,83,26
74,84,26
74,85,26
74,86,26
74,87,26
74,88,26
74,89,26
74,90,26
74,91,26
74,92,26
74,93,26
74,94,26
74,95,26
74,96,26
74,97,26
74,98,26
74,99,26
75,0,8
75,1,8
75,2,8
75,3,8
75,4,8
75,5,8
75,6,8
75,7,8
75,8,8
75,9,8
75,10,8
75,11,8
75,12,8
75,13,8
75,14,8
75,15,8
75,16,8
75,17,8
75,18,8
75,19,8
75,20,8
75,21,8
75,22,8
75,23,9
75,24,9
75,25,10
75,26,25
75,27,25
75,28,25
75,29,25
75,30,25
75,31,25
75,32,25
75,33,25
75,34,25
75,35,25
75,36,25
75,37,25
75,38,25
75,39,25
75,40,25
75,41,25
75,42,25
75,43,25
75,44,25
75,45,25
75,46,25
75,47,25
75,48,25
75,49,25
75,50,25
75,51,25
75,52,25
75,53,25
75,54,25
75,55,25
75,56,25
75,57,25
75,58,25
75,59,25
75,60,25
75,61,25
75,62,25
75,63,25
75,64,25
75,65,25
75,66,25
75,67,25
75,68,25
75,69,25
75,70,25
75,71,25
75,72,25
75,73,25
75,74,25
75,75,25
75,76,25
75,77,25
75,78,25
75,79,25
75,80,25
75,81,25
75,82,25
75,83,25
75,84,25
75,85,25
75,86,25
75,87,25
75,88,25
75,89,25
75,90,25
75,91,25
75,92,25
75,93,25
75,94,25
75,95,25
75,96,25
75,97,25
75,98,25
75,99,25
76,0,8
76,1,8
76,2,8
76,3,8
76,4,8
76,5,8
76,6,8
76,7,8
76,8,7
76,9,7
76,10,7
76,11,7
76,12,7
76,13,7
76,14,8
76,15,8
76,16,8
76,17,8
76,18,9
76,19,24
76,20,24
76,21,24
76,22,24
76,23,24
76,24,24
76,25,24
76,26,24
76,27,24
76,28,24
76,29,24
76,30,24
76,31,24
76,32,24
76,33,24
76,34,24
76,35,24
76,36,24
76,37,24
76,38,24
76,39,24
76,40,24
76,41,24
76,42,24
76,43,24
76,44,24
76,45,24
76,46,24
76,47,24
76,48,24
76,49,24
76,50,24
76,51,24
76,52,24
76,53,24
76,54,24
76,55,24
76,56,24
76,57,24
76,58,24
76,59,24
76,60,24
76,61,24
76,62,24
76,63,24
76,64,24
76,65,24
76,66,24
76,67,24
76,68,24
76,69,24
76,70,24
76,71,24
76,72,24
76,73,24
76,74,24
76,75,24
76,76,24
76,77,24
76,78,24
76,79,24
76,80,24
76,81,24
76,82,24
76,83,24
76,84,24
76,85,24
76,86,24
76,87,24
76,88,24
76,89,24
76,90,24
76,91,24
76,92,24
76,93,24
76,94,24
76,95,24
76,96,24
76,97,24
76,98,24
76,99,24
77,0,7
77,1,7
77,2,7
77,3,7
77,4,7
77,5,7
77,6,7
77,7,7
77,8,7
77,9,8
77,10,9
77,11,23
77,12,23
77,13,23
77,14,23
77,15,23
77,16,23
77,17,23
77,18,23
77,19,23
77,20,23
77,21,23
77,22,23
77,23,23
77,24,23
77,25,23
77,26,23
77,27,23
77,28,23
77,29,23
77,30,23
77,31,23
77,32,23
77,33,23
77,34,23
77,35,23
77,36,23
77,37,23
77,38,23
77,39,23
77,40,23
77,41,23
77,42,23
77,43,23
77,44,23
77,45,23
77,46,23
77,47,23
77,48,23
77,49,23
77,50,23
77,51,23
77,52,23
77,53,23
77,54,23
77,55,23
77,56,23
77,57,23
77,58,23
77,59,23
77,60,23
77,61,23
77,62,23
77,63,23
77,64,23
77,65,23
77,66,23
77,67,23
77,68,23
77,69,23
77,70,23
77,71,23
77,72,23
77,73,23
77,74,23
77,75,23
77,76,23
77,77,23
77,78,23
77,79,23
77,80,23
77,81,23
77,82,23
77,83,23
77,84,23
77,85,23
77,86,23
77,87,23
77,88,23
77,89,23
77,90,23
77,91,23
77,92,23
77,93,23
77,94,23
77,95,23
77,96,23
77,97,23
77,98,23
77,99,23
78,0,22
78,1,22
78,2,22
78,3,22
78,4,22
78,5,22
78,6,22
78,7,22
78,8,22
78,9,22
78,10,22
78,11,22
78,12,22
78,13,22
78,14,22
78,15,22
78,16,22
78,17,22
78,18,22
78,19,22
78,20,22
78,21,22
78,22,22
78,23,22
78,24,22
78,25,22
78,26,22
78,27,22
78,28,22
78,29,22
78,30,22
78,31,22
78,32,22
78,33,22
78,34,22
78,35,22
78,36,22
78,37,22
78,38,22
78,39,22
78,40,22
78,41,22
78,42,22
78,43,22
78,44,22
78,45,22
78,46,22
78,47,22
78,48,22
78,49,22
78,50,22
78,51,22
78,52,22
78,53,22
78,54,22
78,55,22
78,56,22
78,57,22
78,58,22
78,59,22
78,60,22
78,61,22
78,62,22
78,63,22
78,64,22
78,65,22
78,66,22
78,67,22
78,68,22
78,69,22
78,70,22
78,71,22
78,72,22
78,73,22
78,74,22
78,75,22
78,76,22
78,77,22
78,78,22
78,79,22
78,80,22
78,81,22
78,82,22
78,83,22
78,84,22
78,85,22
78,86,22
78,87,22
78,88,22
78,89,22
78,90,22
78,91,22
78,92,22
78,93,22
78,94,22
78,95,22
78,96,22
78,97,22
78,98,22
78,99,22
79,0,21
79,1,21
79,2,21
79,3,21
79,4,21
79,5,21
79,6,21
79,7,21
79,8,21
79,9,21
79,10,21
79,11,21
79,12,21
79,13,21
79,14,21
79,15,21
79,16,21
79,17,21
79,18,21
79,19,21
79,20,21
79,21,21
79,22,21
79,23,21
79,24,21
79,25,21
79,26,21
79,27,21
79,28,21
79,29,21
79,30,21
79,31,21
79,32,21
79,33,21
79,34,21
79,35,21
79,36,21
79,37,21
79,38,21
79,39,21
79,40,21
79,41,21
79,42,21
79,43,21
79,44,21
79,45,21
79,46,21
79,47,21
79,48,21
79,49,21
79,50,21
79,51,21
79,52,21
79,53,21
79,54,21
79,55,21
79,56,21
79,57,21
79,58,21
79,59,21
79,60,21
79,61,21
79,62,21
79,63,21
79,64,21
79,65,21
79,66,21
79,67,21
79,68,21
79,69,21
79,70,21
79,71,21
79,72,21
79,73,21
79,74,21
79,75,21
79,76,21
79,77,21
79,78,21
79,79,21
79,80,21
79,81,21
79,82,21
79,83,21
79,84,21
79,85,21
79,86,21
79,87,21
79,88,21
79,89,21
79,90,21
79,91,21
79,92,21
79,93,21
79,94,21
79,95,21
79,96,21
79,97,21
79,98,21
79,99,21
80,0,20
80,1,20
80,2,20
80,3,20
80,4,20
80,5,20
80,6,20
80,7,20
80,8,20
80,9,20
80,10,20
80,11,20
80,12,20
80,13,20
80,14,20
80,15,20
80,16,20
80,17,20
80,18,20
80,19,20
80,20,20
80,21,20
80,22,20
80,23,20
80,24,20
80,25,20
80,26,20
80,27,20
80,28,20
80,29,20
80,30,20
80,31,20
80,32,20
80,33,20
80,34,20
80,35,20
80,36,20
80,37,20
80,38,20
80,39,20
80,40,20
80,41,20
80,42,20
80,43,20
80,44,20
80,45,20
80,46,20
80,47,20
80,48,20
80,49,20
80,50,20
80,51,20
80,52,20
80,53,20
80,54,20
80,55,20
80,56,20
80,57,20
80,58,20
80,59,20
80,60,20
80,61,20
80,62,20
80,63,20
80,64,20
80,65,20
80,66,20
80,67,20
80,68,20
80,69,20
80,70,20
80,71,20
80,72,20
80,73,20
80,74,20
80,75,20
80,76,20
80,77,20
80,78,20
80,79,20
80,80,20
80,81,20
80,82,20
80,83,20
80,84,20
80,85,20
80,86,20
80,87,20
80,88,20
80,89,20
80,90,20
80,91,20
80,92,20
80,93,20
80,94,20
80,95,20
80,96,20
80,97,20
80,98,20
80,99,20
81,0,19
81,1,19
81,2,19
81,3,19
81,4,19
81,5,19
81,6,19
81,7,19
81,8,19
81,9,19
81,10,19
81,11,19
81,12,19
81,13,19
81,14,19
81,15,19
81,16,19
81,17,19
81,18,19
81,19,19
81,20,19
81,21,19
81,22,19
81,23,19
81,24,19
81,25,19
81,26,19
81,27,19
81,28,19
81,29,19
81,30,19
81,31,19
81,32,19
81,33,19
81,34,19
81,35,19
81,36,19
81,37,19
81,38,19
81,39,19
81,40,19
81,41,19
81,42,19
81,43,19
81,44,19
81,45,19
81,46,19
81,47,19
81,48,19
81,49,19
81,50,19
81,51,19
81,52,19
81,53,19
81,54,19
81,55,19
81,56,19
81,57,19
81,58,19
81,59,19
81,60,19
81,61,19
81,62,19
81,63,19
81,64,19
81,65,19
81,66,19
81,67,19
81,68,19
81,69,19
81,70,19
81,71,19
81,72,19
81,73,19
81,74,19
81,75,19
81,76,19
81,77,19
81,78,19
81,79,19
81,80,19
81,81,19
81,82,19
81,83,19
81,84,19
81,85,19
81,86,19
81,87,19
81,88,19
81,89,19
81,90,19
81,91,19
81,92,19
81,93,19
81,94,19
81,95,19
81,96,19
81,97,19
81,98,19
81,99,19
82,0,18
82,1,18
82,2,18
82,3,18
82,4,18
82,5,18
82,6,18
82,7,18
82,8,18
82,9,18
82,10,18
82,11,18
82,12,18
82,13,18
82,14,18
82,15,18
82,16,18
82,17,18
82,18,18
82,19,18
82,20,18
82,21,18
82,22,18
82,23,18
82,24,18
82,25,18
82,26,18
82,27,18
82,28,18
82,29,18
82,30,18
82,31,18
82,32,18
82,33,18
82,34,18
82,35,18
82,36,18
82,37,18
82,38,18
82,39,18
82,40,18
82,41,18
82,42,18
82,43,18
82,44,18
82,45,18
82,46,18
82,47,18
82,48,18
82,49,18
82,50,18
82,51,18
82,52,18
82,53,18
82,54,18
82,55,18
82,56,18
82,57,18
82,58,18
82,59,18
82,60,18
82,61,18
82,62,18
82,63,18
82,64,18
82,65,18
82,66,18
82,67,18
82,68,18
82,69,18
82,70,18
82,71,18
82,72,18
82,73,18
82,74,18
82,75,18
82,76,18
82,77,18
82,78,18
82,79,18
82,80,18
82,81,18
82,82,18
82,83,18
82,84,18
82,85,18
82,86,18
82,87,18
82,88,18
82,89,18
82,90,18
82,91,18
82,92,18
82,93,18
82,94,18
82,95,18
82,96,18
82,97,18
82,98,18
82,99,18
83,0,17
83,1,17
83,2,17
83,3,17
83,4,17
83,5,17
83,6,17
83,7,17
83,8,17
83,9,17
83,10,17
83,11,17
83,12,17
83,13,17
83,14,17
83,15,17
83,16,17
83,17,17
83,18,17
83,19,17
83,20,17
83,21,17
83,22,17
83,23,17
83,24,17
83,25,17
83,26,17
83,27,17
83,28,17
83,29,17
83,30,17
83,31,17
83,32,17
83,33,17
83,34,17
83,35,17
83,36,17
83,37,17
83,38,17
83,39,17
83,40,17
83,41,17
83,42,17
83,43,17
83,44,17
83,45,17
83,46,17
83,47,17
83,48,17
83,49,17
83,50,17
83,51,17
83,52,17
83,53,17
83,54,17
83,55,17
83,56,17
83,57,17
83,58,17
83,59,17
83,60,17
83,61,17
83,62,17
83,63,17
83,64,17
83,65,17
83,66,17
83,67,17
83,68,17
83,69,17
83,70,17
83,71,17
83,72,17
83,73,17
83,74,17
83,75,17
83,76,17
83,77,17
83,78,17
83,79,17
83,80,17
83,81,17
83,82,17
83,83,17
83,84,17
83,85,17
83,86,17
83,87,17
83,88,17
83,89,17
83,90,17
83,91,17
83,92,17
83,93,17
83,94,17
83,95,17
83,96,17
83,97,17
83,98,17
83,99,17
84,0,16
84,1,16
84,2,16
84,3,16
84,4,16
84,5,16
84,6,16
84,7,16
84,8,16
84,9,16
84,10,16
84,11,16
84,12,16
84,13,16
84,14,16
84,15,16
84,16,16
84,17,16
84,18,16
84,19,16
84,20,16
84,21,16
84,22,16
84,23,16
84,24,16
84,25,16
84,26,16
84,27,16
84,28,16
84,29,16
84,30,16
84,31,16
84,32,16
84,33,16
84,34,16
84,35,16
84,36,16
84,37,16
84,38,16
84,39,16
84,40,16
84,41,16
84,42,16
84,43,16
84,44,16
84,45,16
84,46,16
84,47,16
84,48,16
84,49,16
84,50,16
84,51,16
84,52,16
84,53,16
84,54,16
84,55,16
84,56,16
84,57,16
84,58,16
84,59,16
84,60,16
84,61,16
84,62,16
84,63,16
84,64,16
84,65,16
84,66,16
84,67,16
84,68,16
84,69,16
84,70,16
84,71,16
84,72,16
84,73,16
84,74,16
84,75,16
84,76,16
84,77,16
84,78,16
84,79,16
84,80,16
84,81,16
84,82,16
84,83,16
84,84,16
84,85,16
84,86,16
84,87,16
84,88,16
84,89,16
84,90,16
84,91,16
84,92,16
84,93,16
84,94,16
84,95,16
84,96,16
84,97,16
84,98,16
84,99,16
85,0,15
85,1,15
85,2,15
85,3,15
85,4,15
85,5,15
85,6,15
85,7,15
85,8,15
85,9,15
85,10,15
85,11,15
85,12,15
85,13,15
85,14,15
85,15,15
85,16,15
85,17,15
85,18,15
85,19,15
85,20,15
85,21,15
85,22,15
85,23,15
85,24,15
85,25,15
85,26,15
85,27,15
85,28,15
85,29,15
85,30,15
85,31,15
85,32,15
85,33,15
85,34,15
85,35,15
85,36,15
85,37,15
85,38,15
85,39,15
85,40,15
85,41,15
85,42,15
85,43,15
85,44,15
85,45,15
85,46,15
85,47,15
85,48,15
85,49,15
85,50,15
85,51,15
85,52,15
85,53,15
85,54,15
85,55,15
85,56,15
85,57,15
85,58,15
85,59,15
85,60,15
85,61,15
85,62,15
85,63,15
85,64,15
85,65,15
85,66,15
85,67,15
85,68,15
85,69,15
85,70,15
85,71,15
85,72,15
85,73,15
85,74,15
85,75,15
85,76,15
85,77,15
85,78,15
85,79,15
85,80,15
85,81,15
85,82,15
85,83,15
85,84,15
85,85,15
85,86,15
85,87,15
85,88,15
85,89,15
85,90,15
85,91,15
85,92,15
85,93,15
85,94,15
85,95,15
85,96,15
85,97,15
85,98,15
85,99,15
86,0,14
86,1,14
86,2,14
86,3,14
86,4,14
86,5,14
86,6,14
86,7,14
86,8,14
86,9,14
86,10,14
86,11,14
86,12,14
86,13,14
86,14,14
86,15,14
86,16,14
86,17,14
86,18,14
86,19,14
86,20,14
86,21,14
86,22,14
86,23,14
86,24,14
86,25,14
86,26,14
86,27,14
86,28,14
86,29,14
86,30,14
86,31,14
86,32,14
86,33,14
86,34,14
86,35,14
86,36,14
86,37,14
86,38,14
86,39,14
86,40,14
86,41,14
86,42,14
86,43,14
86,44,14
86,45,14
86,46,14
86,47,14
86,48,14
86,49,14
86,50,14
86,51,14
86,52,14
86,53,14
86,54,14
86,55,14
86,56,14
86,57,14
86,58,14
86,59,14
86,60,14
86,61,14
86,62,14
86,63,14
86,64,14
86,65,14
86,66,14
86,67,14
86,68,14
86,69,14
86,70,14
86,71,14
86,72,14
86,73,14
86,74,14
86,75,14
86,76,14
86,77,14
86,78,14
86,79,14
86,80,14
86,81,14
86,82,14
86,83,14
86,84,14
86,85,14
86,86,14
86,87,14
86,88,14
86,89,14
86,90,14
86,91,14
86,92,14
86,93,14
86,94,14
86,95,14
86,96,14
86,97,14
86,98,14
86,99,14
87,0,13
87,1,13
87,2,13
87,3,13
87,4,13
87,5,13
87,6,13
87,7,13
87,8,13
87,9,13
87,10,13
87,11,13
87,12,13
87,13,13
87,14,13
87,15,13
87,16,13
87,17,13
87,18,13
87,19,13
87,20,13
87,21,13
87,22,13
87,23,13
87,24,13
87,25,13
87,26,13
87,27,13
87,28,13
87,29,13
87,30,13
87,31,13
87,32,13
87,33,13
87,34,13
87,35,13
87,36,13
87,37,13
87,38,13
87,39,13
87,40,13
87,41,13
87,42,13
87,43,13
87,44,13
87,45,13
87,46,13
87,47,13
87,48,13
87,49,13
87,50,13
87,51,13
87,52,13
87,53,13
87,54,13
87,55,13
87,56,13
87,57,13
87,58,13
87,59,13
87,60,13
87,61,13
87,62,13
87,63,13
87,64,13
87,65,13
87,66,13
87,67,13
87,68,13
87,69,13
87,70,13
87,71,13
87,72,13
87,73,13
87,74,13
87,75,13
87,76,13
87,77,13
87,78,13
87,79,13
87,80,13
87,81,13
87,82,13
87,83,13
87,84,13
87,85,13
87,86,13
87,87,13
87,88,13
87,89,13
87,90,13
87,91,13
87,92,13
87,93,13
87,94,13
87,95,13
87,96,13
87,97,13
87,98,13
87,99,13
88,0,12
88,1,12
88,2,12
88,3,12
88,4,12
88,5,12
88,6,12
88,7,12
88,8,12
88,9,12
88,10,12
88,11,12
88,12,12
88,13,12
88,14,12
88,15,12
88,16,12
88,17,12
88,18,12
88,19,12
88,20,12
88,21,12
88,22,12
88,23,12
88,24,12
88,25,12
88,26,12
88,27,12
88,28,12
88,29,12
88,30,12
88,31,12
88,32,12
88,33,12
88,34,12
88,35,12
88,36,12
88,37,12
88,38,12
88,39,12
88,40,12
88,41,12
88,42,12
88,43,12
88,44,12
88,45,12
88,46,12
88,47,12
88,48,12
88,49,12
88,50,12
88,51,12
88,52,12
88,53,12
88,54,12
88,55,12
88,56,12
88,57,12
88,58,12
88,59,12
88,60,12
88,61,12
88,62,12
88,63,12
88,64,12
88,65,12
88,66,12
88,67,12
88,68,12
88,69,12
88,70,12
88,71,12
88,72,12
88,73,12
88,74,12
88,75,12
88,76,12
88,77,12
88,78,12
88,79,12
88,80,12
88,81,12
88,82,12
88,83,12
88,84,12
88,85,12
88,86,12
88,87,12
88,88,12
88,89,12
88,90,12
88,91,12
88,92,12
88,93,12
88,94,12
88,95,12
88,96,12
88,97,12
88,98,12
88,99,12
89,0,11
89,1,11
89,2,11
89,3,11
89,4,11
89,5,11
89,6,11
89,7,11
89,8,11
89,9,11
89,10,11
89,11,11
89,12,11
89,13,11
89,14,11
89,15,11
89,16,11
89,17,11
89,18,11
89,19,11
89,20,11
89,21,11
89,22,11
89,23,11
89,24,11
89,25,11
89,26,11
89,27,11
89,28,11
89,29,11
89,30,11
89,31,11
89,32,11
89,33,11
89,34,11
89,35,11
89,36,11
89,37,11
89,38,11
89,39,11
89,40,11
89,41,11
89,42,11
89,43,11
89,44,11
89,45,11
89,46,11
89,47,11
89,48,11
89,49,11
89,50,11
89,51,11
89,52,11
89,53,11
89,54,11
89,55,11
89,56,11
89,57,11
89,58,11
89,59,11
89,60,11
89,61,11
89,62,11
89,63,11
89,64,11
89,65,11
89,66,11
89,67,11
89,68,11
89,69,11
89,70,11
89,71,11
89,72,11
89,73,11
89,74,11
89,75,11
89,76,11
89,77,11
89,78,11
89,79,11
89,80,11
89,81,11
89,82,11
89,83,11
89,84,11
89,85,11
89,86,11
89,87,11
89,88,11
89,89,11
89,90,11
89,91,11
89,92,11
89,93,11
89,94,11
89,95,11
89,96,11
89,97,11
89,98,11
89,99,11
90,0,10
90,1,10
90,2,10
90,3,10
90,4,10
90,5,10
90,6,10
90,7,10
90,8,10
90,9,10
90,10,10
90,11,10
90,12,10
90,13,10
90,14,10
90,15,10
90,16,10
90,17,10
90,18,10
90,19,10
90,20,10
90,21,10
90,22,10
90,23,10
90,24,10
90,25,10
90,26,10
90,27,10
90,28,10
90,29,10
90,30,10
90,31,10
90,32,10
90,33,10
90,34,10
90,35,10
90,36,10
90,37,10
90,38,10
90,39,10
90,40,10
90,41,10
90,42,10
90,43,10
90,44,10
90,45,10
90,46,10
90,47,10
90,48,10
90,49,10
90,50,10
90,51,10
90,52,10
90,53,10
90,54,10
90,55,10
90,56,10
90,57,10
90,58,10
90,59,10
90,60,10
90,61,10
90,62,10
90,63,10
90,64,10
90,65,10
90,66,10
90,67,10
90,68,10
90,69,10
90,70,10
90,71,10
90,72,10
90,73,10
90,74,10
90,75,10
90,76,10
90,77,10
90,78,10
90,79,10
90,80,10
90,81,10
90,82,10
90,83,10
90,84,10
90,85,10
90,86,10
90,87,10
90,88,10
90,89,10
90,90,10
90,91,10
90,92,10
90,93,10
90,94,10
90,95,10
90,96,10
90,97,10
90,98,10
90,99,10
91,0,9
91,1,9
91,2,9
91,3,9
91,4,9
91,5,9
91,6,9
91,7,9
91,8,9
91,9,9
91,10,9
91,11,9
91,12,9
91,13,9
91,14,9
91,15,9
91,16,9
91,17,9
91,18,9
91,19,9
91,20,9
91,21,9
91,22,9
91,23,9
91,24,9
91,25,9
91,26,9
91,27,9
91,28,9
91,29,9
91,30,9
91,31,9
91,32,9
91,33,9
91,34,9
91,35,9
91,36,9
91,37,9
91,38,9
91,39,9
91,40,9
91,41,9
91,42,9
91,43,9
91,44,9
91,45,9
91,46,9
91,47,9
91,48,9
91,49,9
91,50,9
91,51,9
91,52,9
91,53,9
91,54,9
91,55,9
91,56,9
91,57,9
91,58,9
91,59,9
91,60,9
91,61,9
91,62,9
91,63,9
91,64,9
91,65,9
91,66,9
91,67,9
91,68,9
91,69,9
91,70,9
91,71,9
91,72,9
91,73,9
91,74,9
91,75,9
91,76,9
91,77,9
91,78,9
91,79,9
91,80,9
91,81,9
91,82,9
91,83,9
91,84,9
91,85,9
91,86,9
91,87,9
91,88,9
91,89,9
91,90,9
91,91,9
91,92,9
91,93,9
91,94,9
91,95,9
91,96,9
91,97,9
91,98,9
91,99,9
92,0,8
92,1,8
92,2,8
92,3,8
92,4,8
92,5,8
92,6,8
92,7,8
92,8,8
92,9,8
92,10,8
92,11,8
92,12,8
92,13,8
92,14,8
92,15,8
92,16,8
92,17,8
92,18,8
92,19,8
92,20,8
92,21,8
92,22,8
92,23,8
92,24,8
92,25,8
92,26,8
92,27,8
92,28,8
92,29,8
92,30,8
92,31,8
92,32,8
92,33,8
92,34,8
92,35,8
92,36,8
92,37,8
92,38,8
92,39,8
92,40,8
92,41,8
92,42,8
92,43,8
92,44,8
92,45,8
92,46,8
92,47,8
92,48,8
92,49,8
92,50,8
92,51,8
92,52,8
92,53,8
92,54,8
92,55,8
92,56,8
92,57,8
92,58,8
92,59,8
92,60,8
92,61,8
92,62,8
92,63,8
92,64,8
92,65,8
92,66,8
92,67,8
92,68,8
92,69,8
92,70,8
92,71,8
92,72,8
92,73,8
92,74,8
92,75,8
92,76,8
92,77,8
92,78,8
92,79,8
92,80,8
92,81,8
92,82,8
92,83,8
92,84,8
92,85,8
92,86,8
92,87,8
92,88,8
92,89,8
92,90,8
92,91,8
92,92,8
92,93,8
92,94,8
92,95,8
92,96,8
92,97,8
92,98,8
92,99,8
93,0,7
93,1,7
93,2,7
93,3,7
93,4,7
93,5,7
93,6,7
93,7,7
93,8,7
93,9,7
93,10,7
93,11,7
93,12,7
93,13,7
93,14,7
93,15,7
93,16,7
93,17,7
93,18,7
93,19,7
93,20,7
93,21,7
93,22,7
93,23,7
93,24,7
93,25,7
93,26,7
93,27,7
93,28,7
93,29,7
93,30,7
93,31,7
93,32,7
93,33,7
93,34,7
93,35,7
93,36,7
93,37,7
93,38,7
93,39,7
93,40,7
93,41,7
93,42,7
93,43,7
93,44,7
93,45,7
93,46,7
93,47,7
93,48,7
93,49,7
93,50,7
93,51,7
93,52,7
93,53,7
93,54,7
93,55,7
93,56,7
93,57,7
93,58,7
93,59,7
93,60,7
93,61,7
93,62,7
93,63,7
93,64,7
93,65,7
93,66,7
93,67,7
93,68,7
93,69,7
93,70,7
93,71,7
93,72,7
93,73,7
93,74,7
93,75,7
93,76,7
93,77,7
93,78,7
93,79,7
93,80,7
93,81,7
93,82,7
93,83,7
93,84,7
93,85,7
93,86,7
93,87,7
93,88,7
93,89,7
93,90,7
93,91,7
93,92,7
93,93,7
93,94,7
93,95,7
93,96,7
93,97,7
93,98,7
93,99,7
94,0,6
94,1,6
94,2,6
94,3,6
94,4,6
94,5,6
94,6,6
94,7,6
94,8,6
94,9,6
94,10,6
94,11,6
94,12,6
94,13,6
94,14,6
94,15,6
94,16,6
94,17,6
94,18,6
94,19,6
94,20,6
94,21,6
94,22,6
94,23,6
94,24,6
94,25,6
94,26,6
94,27,6
94,28,6
94,29,6
94,30,6
94,31,6
94,32,6
94,33,6
94,34,6
94,35,6
94,36,6
94,37,6
94,38,6
94,39,6
94,40,6
94,41,6
94,42,6
94,43,6
94,44,6
94,45,6
94,46,6
94,47,6
94,48,6
94,49,6
94,50,6
94,51,6
94,52,6
94,53,6
94,54,6
94,55,6
94,56,6
94,57,6
94,58,6
94,59,6
94,60,6
94,61,6
94,62,6
94,63,6
94,64,6
94,65,6
94,66,6
94,67,6
94,68,6
94,69,6
94,70,6
94,71,6
94,72,6
94,73,6
94,74,6
94,75,6
94,76,6
94,77,6
94,78,6
94,79,6
94,80,6
94,81,6
94,82,6
94,83,6
94,84,6
94,85,6
94,86,6
94,87,6
94,88,6
94,89,6
94,90,6
94,91,6
94,92,6
94,93,6
94,94,6
94,95,6
94,96,6
94,97,6
94,98,6
94,99,6
95,0,5
95,1,5
95,2,5
95,3,5
95,4,5
95,5,5
95,6,5
95,7,5
95,8,5
95,9,5
95,10,5
95,11,5
95,12,5
95,13,5
95,14,5
95,15,5
95,16,5
95,17,5
95,18,5
95,19,5
95,20,5
95,21,5
95,22,5
95,23,5
95,24,5
95,25,5
95,26,5
95,27,5
95,28,5
95,29,5
95,30,5
95,31,5
95,32,5
95,33,5
95,34,5
95,35,5
95,36,5
95,37,5
95,38,5
95,39,5
95,40,5
95,41,5
95,42,5
95,43,5
95,44,5
95,45,5
95,46,5
95,47,5
95,48,5
95,49,5
95,50,5
95,51,5
95,52,5
95,53,5
95,54,5
95,55,5
95,56,5
95,57,5
95,58,5
95,59,5
95,60,5
95,61,5
95,62,5
95,63,5
95,64,5
95,65,5
95,66,5
95,67,5
95,68,5
95,69,5
95,70,5
95,71,5
95,72,5
95,73,5
95,74,5
95,75,5
95,76,5
95,77,5
95,78,5
95,79,5
95,80,5
95,81,5
95,82,5
95,83,5
95,84,5
95,85,5
95,86,5
95,87,5
95,88,5
95,89,5
95,90,5
95,91,5
95,92,5
95,93,5
95,94,5
95,95,5
95,96,5
95,97,5
95,98,5
95,99,5
96,0,4
96,1,4
96,2,4
96,3,4
96,4,4
96,5,4
96,6,4
96,7,4
96,8,4
96,9,4
96,10,4
96,11,4
96,12,4
96,13,4
96,14,4
96,15,4
96,16,4
96,17,4
96,18,4
96,19,4
96,20,4
96,21,4
96,22,4
96,23,4
96,24,4
96,25,4
96,26,4
96,27,4
96,28,4
96,29,4
96,30,4
96,31,4
96,32,4
96,33,4
96,34,4
96,35,4
96,36,4
96,37,4
96,38,4
96,39,4
96,40,4
96,41,4
96,42,4
96,43,4
96,44,4
96,45,4
96,46,4
96,47,4
96,48,4
96,49,4
96,50,4
96,51,4
96,52,4
96,53,4
96,54,4
96,55,4
96,56,4
96,57,4
96,58,4
96,59,4
96,60,4
96,61,4
96,62,4
96,63,4
96,64,4
96,65,4
96,66,4
96,67,4
96,68,4
96,69,4
96,70,4
96,71,4
96,72,4
96,73,4
96,74,4
96,75,4
96,76,4
96,77,4
96,78,4
96,79,4
96,80,4
96,81,4
96,82,4
96,83,4
96,84,4
96,85,4
96,86,4
96,87,4
96,88,4
96,89,4
96,90,4
96,91,4
96,92,4
96,93,4
96,94,4
96,95,4
96,96,4
96,97,4
96,98,4
96,99,4
97,0,3
97,1,3
97,2,3
97,3,3
97,4,3
97,5,3
97,6,3
97,7,3
97,8,3
97,9,3
97,10,3
97,11,3
97,12,3
97,13,3
97,14,3
97,15,3
97,16,3
97,17,3
97,18,3
97,19,3
97,20,3
97,21,3
97,22,3
97,23,3
97,24,3
97,25,3
97,26,3
97,27,3
97,28,3
97,29,3
97,30,3
97,31,3
97,32,3
97,33,3
97,34,3
97,35,3
97,36,3
97,37,3
97,38,3
97,39,3
97,40,3
97,41,3
97,42,3
97,43,3
97,44,3
97,45,3
97,46,3
97,47,3
97,48,3
97,49,3
97,50,3
97,51,3
97,52,3
97,53,3
97,54,3
97,55,3
97,56,3
97,57,3
97,58,3
97,59,3
97,60,3
97,61,3
97,62,3
97,63,3
97,64,3
97,65,3
97,66,3
97,67,3
97,68,3
97,69,3
97,70,3
97,71,3
97,72,3
97,73,3
97,74,3
97,75,3
97,76,3
97,77,3
97,78,3
97,79,3
97,80,3
97,81,3
97,82,3
97,83,3
97,84,3
97,85,3
97,86,3
97,87,3
97,88,3
97,89,3
97,90,3
97,91,3
97,92,3
97,93,3
97,94,3
97,95,3
97,96,3
97,97,3
97,98,3
97,99,3
98,0,2
98,1,2
98,2,2
98,3,2
98,4,2
98,5,2
98,6,2
98,7,2
98,8,2
98,9,2
98,10,2
98,11,2
98,12,2
98,13,2
98,14,2
98,15,2
98,16,2
98,17,2
98,18,2
98,19,2
98,20,2
98,21,2
98,22,2
98,23,2
98,24,2
98,25,2
98,26,2
98,27,2
98,28,2
98,29,2
98,30,2
98,31,2
98,32,2
98,33,2
98,34,2
98,35,2
98,36,2
98,37,2
98,38,2
98,39,2
98,40,2
98,41,2
98,42,2
98,43,2
98,44,2
98,45,2
98,46,2
98,47,2
98,48,2
98,49,2
98,50,2
98,51,2
98,52,2
98,53,2
98,54,2
98,55,2
98,56,2
98,57,2
98,58,2
98,59,2
98,60,2
98,61,2
98,62,2
98,63,2
98,64,2
98,65,2
98,66,2
98,67,2
98,68,2
98,69,2
98,70,2
98,71,2
98,72,2
98,73,2
98,74,2
98,75,2
98,76,2
98,77,2
98,78,2
98,79,2
98,80,2
98,81,2
98,82,2
98,83,2
98,84,2
98,85,2
98,86,2
98,87,2
98,88,2
98,89,2
98,90,2
98,91,2
98,92,2
98,93,2
98,94,2
98,95,2
98,96,2
98,97,2
98,98,2
98,99,2
99,0,1
99,1,1
99,2,1
99,3,1
99,4,1
99,5,1
99,6,1
99,7,1
99,8,1
99,9,1
99,10,1
99,11,1
99,12,1
99,13,1
99,14,1
99,15,1
99,16,1
99,17,1
99,18,1
99,19,1
99,20,1
99,21,1
99,22,1
99,23,1
99,24,1
99,25,1
99,26,1
99,27,1
99,28,1
99,29,1
99,30,1
99,31,1
99,32,1
99,33,1
99,34,1
99,35,1
99,36,1
99,37,1
99,38,1
99,39,1
99,40,1
99,41,1
99,42,1
99,43,1
99,44,1
99,45,1
99,46,1
99,47,1
99,48,1
99,49,1
99,50,1
99,51,1
99,52,1
99,53,1
99,54,1
99,55,1
99,56,1
99,57,1
99,58,1
99,59,1
99,60,1
99,61,1
99,62,1
99,63,1
99,64,1
99,65,1
99,66,1
99,67,1
99,68,1
99,69,1
99,70,1
99,71,1
99,72,1
99,73,1
99,74,1
99,75,1
99,76,1
99,77,1
99,78,1
99,79,1
99,80,1
99,81,1
99,82,1
99,83,1
99,84,1
99,85,1
99,86,1
99,87,1
99,88,1
99,89,1
99,90,1
99,91,1
99,92,1
99,93,1
99,94,1
99,95,1
99,96,1
99,97,1
99,98,1
99,99,1
